Timestamp,Forecast_Generation_MWh,Real_Generation(MWh)
2025-06-01 00:00:00,4250.160894468685,5718.0
2025-06-01 01:00:00,4564.581073908731,5154.0
2025-06-01 02:00:00,4059.532728487884,4580.0
2025-06-01 03:00:00,3871.8709402409177,4842.0
2025-06-01 04:00:00,3763.194244397759,4740.0
2025-06-01 05:00:00,3521.045611111112,4613.0
2025-06-01 06:00:00,3294.8279513888874,4447.0
2025-06-01 07:00:00,3136.5607172619075,4300.0
2025-06-01 08:00:00,3630.046545670018,3675.0
2025-06-01 09:00:00,3255.118019841269,2653.0
2025-06-01 10:00:00,2931.28873874008,2157.0
2025-06-01 11:00:00,2887.157432539681,2012.0
2025-06-01 12:00:00,3688.949616071428,1923.0
2025-06-01 13:00:00,3733.80380357143,1884.0
2025-06-01 14:00:00,3835.603041396106,1849.0
2025-06-01 15:00:00,6470.41162251984,2206.0
2025-06-01 16:00:00,5585.685113691862,3334.0
2025-06-01 17:00:00,5869.680629487615,4448.0
2025-06-01 18:00:00,6791.89698572955,5969.0
2025-06-01 19:00:00,6202.187192370128,6865.0
2025-06-01 20:00:00,5410.978061011906,7575.0
2025-06-01 21:00:00,4913.87727926587,7680.0
2025-06-01 22:00:00,5883.595517322956,7497.0
2025-06-01 23:00:00,6673.625595643939,7201.0
2025-06-02 00:00:00,5574.8511946941935,7605.0
2025-06-02 01:00:00,6112.3530357142845,7863.0
2025-06-02 02:00:00,5234.005040178569,7688.0
2025-06-02 03:00:00,4452.269425595235,8137.0
2025-06-02 04:00:00,4169.28062202381,8200.0
2025-06-02 05:00:00,4903.952427218617,8475.0
2025-06-02 06:00:00,3685.1477648809546,8581.0
2025-06-02 07:00:00,3874.740520337301,7645.0
2025-06-02 08:00:00,3369.680817600204,7042.0
2025-06-02 09:00:00,3331.319716162312,6606.0
2025-06-02 10:00:00,2851.2740786076865,6282.0
2025-06-02 11:00:00,3231.469231902672,6133.0
2025-06-02 12:00:00,3074.623373550013,5929.0
2025-06-02 13:00:00,4525.166824404761,5748.0
2025-06-02 14:00:00,5957.839074968435,5320.0
2025-06-02 15:00:00,5807.166047619052,5896.0
2025-06-02 16:00:00,7148.579334054836,6325.0
2025-06-02 17:00:00,6328.334688145186,7275.0
2025-06-02 18:00:00,6400.654062680375,8539.0
2025-06-02 19:00:00,7525.819184523809,8853.0
2025-06-02 20:00:00,6810.546154761907,8168.0
2025-06-02 21:00:00,6142.471342088468,7908.0
2025-06-02 22:00:00,5274.763157738097,7460.0
2025-06-02 23:00:00,7007.097323728354,7529.0
2025-06-03 00:00:00,6228.268671130953,7681.0
2025-06-03 01:00:00,5979.778390264251,7339.0
2025-06-03 02:00:00,5419.791042748918,6531.0
2025-06-03 03:00:00,5083.394685167564,5739.0
2025-06-03 04:00:00,4429.66787797619,5253.0
2025-06-03 05:00:00,4813.882647817465,4791.0
2025-06-03 06:00:00,4030.442737990813,4135.0
2025-06-03 07:00:00,4392.971845779221,3261.0
2025-06-03 08:00:00,4455.009959505774,2635.0
2025-06-03 09:00:00,4312.014776785718,2232.0
2025-06-03 10:00:00,3040.7874102316587,1815.0
2025-06-03 11:00:00,4118.420824751638,1646.0
2025-06-03 12:00:00,4415.10278079906,1519.0
2025-06-03 13:00:00,5317.449682921245,1725.0
2025-06-03 14:00:00,3745.379158204951,2179.0
2025-06-03 15:00:00,4656.648427496115,2541.0
2025-06-03 16:00:00,5762.18346333875,3461.0
2025-06-03 17:00:00,5995.468112644297,4516.0
2025-06-03 18:00:00,6461.794267857144,6087.0
2025-06-03 19:00:00,7205.551226643863,8025.0
2025-06-03 20:00:00,6745.92500595238,6957.0
2025-06-03 21:00:00,6522.768133928575,4692.0
2025-06-03 22:00:00,5482.473513392859,3850.0
2025-06-03 23:00:00,4608.236351190476,4382.0
2025-06-04 00:00:00,5624.227185019842,4572.0
2025-06-04 01:00:00,5327.508404761906,4541.0
2025-06-04 02:00:00,4782.074369512432,4448.0
2025-06-04 03:00:00,3950.625937500002,4470.0
2025-06-04 04:00:00,3954.948954628522,4614.0
2025-06-04 05:00:00,3926.246318277308,4762.0
2025-06-04 06:00:00,3756.013903769842,4214.0
2025-06-04 07:00:00,3721.686336799296,3871.0
2025-06-04 08:00:00,3208.420431935105,3310.0
2025-06-04 09:00:00,4068.121691303428,2628.0
2025-06-04 10:00:00,1994.6989741440148,2351.0
2025-06-04 11:00:00,3107.196172709236,2468.0
2025-06-04 12:00:00,3394.432658263307,2741.0
2025-06-04 13:00:00,3013.0856339285733,2701.0
2025-06-04 14:00:00,3644.648711029157,2808.0
2025-06-04 15:00:00,4485.936249131945,3051.0
2025-06-04 16:00:00,4742.235651785714,3011.0
2025-06-04 17:00:00,5143.641826388889,3693.0
2025-06-04 18:00:00,5973.545714076231,3830.0
2025-06-04 19:00:00,6512.503960255021,3765.0
2025-06-04 20:00:00,7125.988810668503,3659.0
2025-06-04 21:00:00,6261.307916666663,3657.0
2025-06-04 22:00:00,5354.866583447804,3987.0
2025-06-04 23:00:00,4268.398875992064,4663.0
2025-06-05 00:00:00,5117.007520833331,5262.0
2025-06-05 01:00:00,4539.994620039683,5437.0
2025-06-05 02:00:00,4028.2649791666663,5334.0
2025-06-05 03:00:00,3137.9572718253976,4798.0
2025-06-05 04:00:00,2508.443693452382,4679.0
2025-06-05 05:00:00,2327.911509920636,4380.0
2025-06-05 06:00:00,2030.8497030122664,4104.0
2025-06-05 07:00:00,2865.645923611111,3928.0
2025-06-05 08:00:00,2845.0879646243125,3630.0
2025-06-05 09:00:00,2666.8069004066183,3209.0
2025-06-05 10:00:00,2653.251724173123,2718.0
2025-06-05 11:00:00,3224.6675701208524,2470.0
2025-06-05 12:00:00,2957.825883594347,2504.0
2025-06-05 13:00:00,3599.052102317823,2776.0
2025-06-05 14:00:00,3570.353510912699,2877.0
2025-06-05 15:00:00,3909.4860124007937,3135.0
2025-06-05 16:00:00,4418.038441378068,3236.0
2025-06-05 17:00:00,5205.142882451949,3476.0
2025-06-05 18:00:00,4664.793431904005,3735.0
2025-06-05 19:00:00,4991.386413228264,3732.0
2025-06-05 20:00:00,5426.888799445343,3502.0
2025-06-05 21:00:00,6103.400437492881,3530.0
2025-06-05 22:00:00,5021.0975415242665,3658.0
2025-06-05 23:00:00,5456.538436011906,4093.0
2025-06-06 00:00:00,4384.167450224878,4307.0
2025-06-06 01:00:00,4249.403602813852,4190.0
2025-06-06 02:00:00,4033.413857142855,3803.0
2025-06-06 03:00:00,4117.038536939775,3488.0
2025-06-06 04:00:00,3872.377872405374,3523.0
2025-06-06 05:00:00,4020.511996512068,3624.0
2025-06-06 06:00:00,3560.193040175499,3316.0
2025-06-06 07:00:00,3640.87938095238,2787.0
2025-06-06 08:00:00,3709.230348699912,2158.0
2025-06-06 09:00:00,3109.892932095933,1491.0
2025-06-06 10:00:00,2502.0532932363103,1137.0
2025-06-06 11:00:00,2880.561160447191,1148.0
2025-06-06 12:00:00,2317.3970109126985,1236.0
2025-06-06 13:00:00,2662.782785241147,1500.0
2025-06-06 14:00:00,3068.66880448718,2258.0
2025-06-06 15:00:00,3464.129916429431,2454.0
2025-06-06 16:00:00,4133.27011036242,2581.0
2025-06-06 17:00:00,4667.808357864359,3191.0
2025-06-06 18:00:00,5582.794442319944,3847.0
2025-06-06 19:00:00,6191.71357015218,3953.0
2025-06-06 20:00:00,6407.800862171592,3923.0
2025-06-06 21:00:00,6924.399308597649,3782.0
2025-06-06 22:00:00,7285.038432463371,4016.0
2025-06-06 23:00:00,6450.792663690476,3969.0
2025-06-07 00:00:00,5969.740879349818,3860.0
2025-06-07 01:00:00,5610.973755504096,3753.0
2025-06-07 02:00:00,5528.406375000002,3721.0
2025-06-07 03:00:00,4689.75958124394,3695.0
2025-06-07 04:00:00,4596.760547995713,3937.0
2025-06-07 05:00:00,3893.457246394172,3829.0
2025-06-07 06:00:00,4051.937610271672,3475.0
2025-06-07 07:00:00,4409.834017857141,3279.0
2025-06-07 08:00:00,3823.699641407021,2623.0
2025-06-07 09:00:00,3704.8376341607927,1641.0
2025-06-07 10:00:00,3783.475051038172,1146.0
2025-06-07 11:00:00,3149.758565476189,1191.0
2025-06-07 12:00:00,3885.445826298701,1310.0
2025-06-07 13:00:00,4501.699277777778,1692.0
2025-06-07 14:00:00,4559.446614808803,1942.0
2025-06-07 15:00:00,4803.315855540293,2167.0
2025-06-07 16:00:00,4822.2394257756105,2123.0
2025-06-07 17:00:00,5716.149025444412,2402.0
2025-06-07 18:00:00,6522.476807657127,2634.0
2025-06-07 19:00:00,6455.424293536325,3336.0
2025-06-07 20:00:00,6666.1289521554845,3786.0
2025-06-07 21:00:00,7123.54638801429,3565.0
2025-06-07 22:00:00,6734.976789402728,4540.0
2025-06-07 23:00:00,6365.143841104497,5299.0
2025-06-08 00:00:00,6013.432690476189,5750.0
2025-06-08 01:00:00,5658.239937499999,5769.0
2025-06-08 02:00:00,5467.128990041208,5565.0
2025-06-08 03:00:00,4645.459828830891,5130.0
2025-06-08 04:00:00,4677.003228403542,4955.0
2025-06-08 05:00:00,3798.732574404764,4897.0
2025-06-08 06:00:00,4206.509292353481,4845.0
2025-06-08 07:00:00,4276.372003968254,4855.0
2025-06-08 08:00:00,3650.73719980163,3908.0
2025-06-08 09:00:00,3762.790664157255,2987.0
2025-06-08 10:00:00,3665.4605424854103,2098.0
2025-06-08 11:00:00,4148.627956891693,1508.0
2025-06-08 12:00:00,3269.647272763576,1213.0
2025-06-08 13:00:00,2567.164635302197,1149.0
2025-06-08 14:00:00,3188.279866567461,1316.0
2025-06-08 15:00:00,4110.74520829171,1505.0
2025-06-08 16:00:00,4314.590870039682,1752.0
2025-06-08 17:00:00,5478.16435524892,1997.0
2025-06-08 18:00:00,5772.169512210009,2615.0
2025-06-08 19:00:00,6531.333437003973,3478.0
2025-06-08 20:00:00,7428.975264384922,3788.0
2025-06-08 21:00:00,7149.512825396822,4363.0
2025-06-08 22:00:00,5455.022749999999,5190.0
2025-06-08 23:00:00,5262.079992063492,5809.0
2025-06-09 00:00:00,4944.530925595238,6118.0
2025-06-09 01:00:00,3857.479126984125,6053.0
2025-06-09 02:00:00,5277.328010912702,5875.0
2025-06-09 03:00:00,4742.301906440783,5676.0
2025-06-09 04:00:00,4685.6696329365095,5171.0
2025-06-09 05:00:00,4619.679460317461,4688.0
2025-06-09 06:00:00,3893.70731452922,4377.0
2025-06-09 07:00:00,4163.9413859127,4008.0
2025-06-09 08:00:00,3935.131230593755,3789.0
2025-06-09 09:00:00,3949.833861143021,3259.0
2025-06-09 10:00:00,3195.8520777938893,2735.0
2025-06-09 11:00:00,3739.766334686149,2483.0
2025-06-09 12:00:00,3649.4568867623616,2314.0
2025-06-09 13:00:00,3113.41401686508,2335.0
2025-06-09 14:00:00,3602.8534062500007,2373.0
2025-06-09 15:00:00,3567.972110004581,2498.0
2025-06-09 16:00:00,3421.018732905982,2485.0
2025-06-09 17:00:00,3867.772554639806,2634.0
2025-06-09 18:00:00,3824.880445224912,2685.0
2025-06-09 19:00:00,4396.389826569264,3367.0
2025-06-09 20:00:00,5252.245093253969,4512.0
2025-06-09 21:00:00,4499.130780021028,5661.0
2025-06-09 22:00:00,4253.680955988456,5752.0
2025-06-09 23:00:00,4348.963805961399,5463.0
2025-06-10 00:00:00,4188.954766233767,6923.0
2025-06-10 01:00:00,4396.929960407648,7352.0
2025-06-10 02:00:00,4254.611622023809,7045.0
2025-06-10 03:00:00,3885.6228720238114,6233.0
2025-06-10 04:00:00,4204.12436607143,5524.0
2025-06-10 05:00:00,4067.628800572792,4874.0
2025-06-10 06:00:00,3611.272823734013,4003.0
2025-06-10 07:00:00,4388.844415251415,3536.0
2025-06-10 08:00:00,3788.985339129618,3471.0
2025-06-10 09:00:00,3319.247045655733,2553.0
2025-06-10 10:00:00,3217.3255950741923,2407.0
2025-06-10 11:00:00,3078.731206349207,2169.0
2025-06-10 12:00:00,4139.847848214285,2268.0
2025-06-10 13:00:00,4191.063063530218,2329.0
2025-06-10 14:00:00,3655.9006369047606,2325.0
2025-06-10 15:00:00,4398.946532738093,2339.0
2025-06-10 16:00:00,4782.616983856418,2084.0
2025-06-10 17:00:00,6031.987242910779,1959.0
2025-06-10 18:00:00,6887.936407196965,3083.0
2025-06-10 19:00:00,6770.886280753967,4089.0
2025-06-10 20:00:00,6833.598251984131,4119.0
2025-06-10 21:00:00,6904.982470238094,5682.0
2025-06-10 22:00:00,7803.668163690476,6562.0
2025-06-10 23:00:00,7149.349987599207,7359.0
2025-06-11 00:00:00,6764.887841269843,7698.0
2025-06-11 01:00:00,7716.67565674603,7245.0
2025-06-11 02:00:00,6986.598299512985,6371.0
2025-06-11 03:00:00,6510.623733134923,5868.0
2025-06-11 04:00:00,6778.555011904762,5754.0
2025-06-11 05:00:00,5596.051127976188,6599.0
2025-06-11 06:00:00,4712.61193740981,6301.0
2025-06-11 07:00:00,4807.130062499999,4981.0
2025-06-11 08:00:00,4200.738517935568,3938.0
2025-06-11 09:00:00,3362.684144039988,3140.0
2025-06-11 10:00:00,2884.8097438672453,2901.0
2025-06-11 11:00:00,3075.933668154761,4139.0
2025-06-11 12:00:00,3123.323044642859,5230.0
2025-06-11 13:00:00,3564.8331081349197,5997.0
2025-06-11 14:00:00,3658.804619947972,6245.0
2025-06-11 15:00:00,4628.129238185426,6715.0
2025-06-11 16:00:00,4514.414203463202,6889.0
2025-06-11 17:00:00,4308.177549702378,7607.0
2025-06-11 18:00:00,4175.742105984293,6956.0
2025-06-11 19:00:00,3889.404703373015,6626.0
2025-06-11 20:00:00,3767.928468163778,7516.0
2025-06-11 21:00:00,4414.036298611111,8302.0
2025-06-11 22:00:00,4576.016597100816,8319.0
2025-06-11 23:00:00,5104.460779761902,7792.0
2025-06-12 00:00:00,5084.795875992064,7145.0
2025-06-12 01:00:00,4994.466732142859,6153.0
2025-06-12 02:00:00,3831.836305059519,5537.0
2025-06-12 03:00:00,4797.228749639251,5213.0
2025-06-12 04:00:00,4318.715350198411,5069.0
2025-06-12 05:00:00,4579.982655753968,4991.0
2025-06-12 06:00:00,4110.007205627707,4778.0
2025-06-12 07:00:00,3978.083981416612,4349.0
2025-06-12 08:00:00,3575.406023979993,3631.0
2025-06-12 09:00:00,4182.934941665689,3146.0
2025-06-12 10:00:00,3423.2267098839684,2752.0
2025-06-12 11:00:00,2648.3310933189628,2639.0
2025-06-12 12:00:00,2853.2677511134702,2608.0
2025-06-12 13:00:00,3280.8902935640745,2644.0
2025-06-12 14:00:00,3477.4278353174614,2684.0
2025-06-12 15:00:00,3371.6027366071457,2851.0
2025-06-12 16:00:00,4004.772417794012,2808.0
2025-06-12 17:00:00,4701.791101419416,3203.0
2025-06-12 18:00:00,4370.32154714995,3210.0
2025-06-12 19:00:00,4555.009693015319,2884.0
2025-06-12 20:00:00,5029.724388311686,2799.0
2025-06-12 21:00:00,4871.75536061508,2821.0
2025-06-12 22:00:00,4812.914103729602,3107.0
2025-06-12 23:00:00,5065.84613647637,3111.0
2025-06-13 00:00:00,4637.135577686203,2848.0
2025-06-13 01:00:00,4105.981284701409,2905.0
2025-06-13 02:00:00,3521.8696875000005,2654.0
2025-06-13 03:00:00,3791.7492529761903,2530.0
2025-06-13 04:00:00,3481.5804985119057,2518.0
2025-06-13 05:00:00,3159.1941517857126,2586.0
2025-06-13 06:00:00,2928.5020788690454,2688.0
2025-06-13 07:00:00,2388.2687385912704,2730.0
2025-06-13 08:00:00,2462.127109668109,2352.0
2025-06-13 09:00:00,2779.453827426047,2029.0
2025-06-13 10:00:00,2360.758958243146,2178.0
2025-06-13 11:00:00,2208.576336730602,2410.0
2025-06-13 12:00:00,2452.8826579597503,3023.0
2025-06-13 13:00:00,2514.8926894841275,3584.0
2025-06-13 14:00:00,3355.7073363095246,4121.0
2025-06-13 15:00:00,3571.0416001984127,4913.0
2025-06-13 16:00:00,4303.35127876984,5047.0
2025-06-13 17:00:00,4618.963085137082,6394.0
2025-06-13 18:00:00,4975.805318057902,7216.0
2025-06-13 19:00:00,4869.4648262987,7583.0
2025-06-13 20:00:00,5600.27965435606,6956.0
2025-06-13 21:00:00,6047.440558150179,6630.0
2025-06-13 22:00:00,4834.180155257937,6408.0
2025-06-13 23:00:00,5331.615040674605,5638.0
2025-06-14 00:00:00,6422.688002976189,4919.0
2025-06-14 01:00:00,5102.023348214286,4172.0
2025-06-14 02:00:00,5642.861181547616,3525.0
2025-06-14 03:00:00,4796.332986797924,3074.0
2025-06-14 04:00:00,4584.172094742068,2688.0
2025-06-14 05:00:00,3896.6676485805806,2491.0
2025-06-14 06:00:00,4193.325249007938,2269.0
2025-06-14 07:00:00,3179.602248917748,2048.0
2025-06-14 08:00:00,3401.132685608178,1750.0
2025-06-14 09:00:00,4001.462004537085,1176.0
2025-06-14 10:00:00,2745.89442913896,880.0
2025-06-14 11:00:00,2724.7683476605584,675.0
2025-06-14 12:00:00,3258.8045281358723,751.0
2025-06-14 13:00:00,3028.8098974567088,989.0
2025-06-14 14:00:00,3842.5318229166674,1312.0
2025-06-14 15:00:00,3608.233421672078,1573.0
2025-06-14 16:00:00,3661.000355474384,2043.0
2025-06-14 17:00:00,4048.480554563491,2884.0
2025-06-14 18:00:00,3964.542274226474,4789.0
2025-06-14 19:00:00,3660.358341402457,5657.0
2025-06-14 20:00:00,5121.879053841994,5711.0
2025-06-14 21:00:00,5892.06453323413,5882.0
2025-06-14 22:00:00,5597.189425709707,6302.0
2025-06-14 23:00:00,5589.049557404398,6534.0
2025-06-15 00:00:00,4480.708892857145,6403.0
2025-06-15 01:00:00,5058.510818452382,6265.0
2025-06-15 02:00:00,4833.5017355699865,6053.0
2025-06-15 03:00:00,4102.375829455269,6206.0
2025-06-15 04:00:00,4166.589271329363,6471.0
2025-06-15 05:00:00,3673.615395833331,6717.0
2025-06-15 06:00:00,3713.328983287547,7128.0
2025-06-15 07:00:00,3641.175005547746,7159.0
2025-06-15 08:00:00,3117.0755512664427,6703.0
2025-06-15 09:00:00,2526.2251393467022,4896.0
2025-06-15 10:00:00,2369.2146986480743,3883.0
2025-06-15 11:00:00,2566.498876975507,3444.0
2025-06-15 12:00:00,2740.7865949110706,3227.0
2025-06-15 13:00:00,2756.6176645125724,3332.0
2025-06-15 14:00:00,3077.2200360750385,3660.0
2025-06-15 15:00:00,3665.550576433983,3294.0
2025-06-15 16:00:00,3413.0512087391794,3727.0
2025-06-15 17:00:00,3617.0719910714256,4748.0
2025-06-15 18:00:00,4220.355820550976,5630.0
2025-06-15 19:00:00,4369.476671390076,7074.0
2025-06-15 20:00:00,4145.370242727029,10686.0
2025-06-15 21:00:00,4891.35714320055,11100.0
2025-06-15 22:00:00,5445.61275297619,11810.0
2025-06-15 23:00:00,5953.979882936505,12334.0
2025-06-16 00:00:00,5828.293754329007,12197.0
2025-06-16 01:00:00,7003.091252480161,11752.0
2025-06-16 02:00:00,6401.1102580266925,11153.0
2025-06-16 03:00:00,6399.523068993511,10717.0
2025-06-16 04:00:00,6537.739133928573,10003.0
2025-06-16 05:00:00,5088.052784840161,9540.0
2025-06-16 06:00:00,5455.829213293652,8741.0
2025-06-16 07:00:00,5023.648488721807,7905.0
2025-06-16 08:00:00,3553.781429022367,6836.0
2025-06-16 09:00:00,3859.525826261701,5564.0
2025-06-16 10:00:00,4751.820994047619,4331.0
2025-06-16 11:00:00,4420.986718084863,3089.0
2025-06-16 12:00:00,4065.012521419554,2628.0
2025-06-16 13:00:00,4006.896201783916,2393.0
2025-06-16 14:00:00,3108.3192876200915,2399.0
2025-06-16 15:00:00,3532.12357688492,2654.0
2025-06-16 16:00:00,4641.919669642855,2968.0
2025-06-16 17:00:00,6054.740474882757,3006.0
2025-06-16 18:00:00,6384.041730970424,3113.0
2025-06-16 19:00:00,5908.119571768507,3420.0
2025-06-16 20:00:00,6529.674456845237,3680.0
2025-06-16 21:00:00,5209.525486607143,3945.0
2025-06-16 22:00:00,5597.736210813496,4486.0
2025-06-16 23:00:00,6020.783328869049,4876.0
2025-06-17 00:00:00,4183.234273809519,4849.0
2025-06-17 01:00:00,4208.582417929292,4787.0
2025-06-17 02:00:00,3482.527124999999,4315.0
2025-06-17 03:00:00,3043.0574246031742,3861.0
2025-06-17 04:00:00,3331.873095238099,3117.0
2025-06-17 05:00:00,3578.8299384920606,2448.0
2025-06-17 06:00:00,3810.453967969534,2100.0
2025-06-17 07:00:00,4031.036836805556,2045.0
2025-06-17 08:00:00,3962.60071329365,1854.0
2025-06-17 09:00:00,3812.2020330017535,1666.0
2025-06-17 10:00:00,2938.327518307293,1686.0
2025-06-17 11:00:00,2939.323712322399,1792.0
2025-06-17 12:00:00,2447.159286168692,1872.0
2025-06-17 13:00:00,2869.9556696428567,2103.0
2025-06-17 14:00:00,3439.994944368133,2460.0
2025-06-17 15:00:00,4149.574891369048,3159.0
2025-06-17 16:00:00,4038.26916514041,4353.0
2025-06-17 17:00:00,3789.33779471917,5556.0
2025-06-17 18:00:00,4221.193904480648,6820.0
2025-06-17 19:00:00,4585.479235739954,6833.0
2025-06-17 20:00:00,4827.881189980157,6626.0
2025-06-17 21:00:00,4315.201194940477,6363.0
2025-06-17 22:00:00,3761.01860515873,5989.0
2025-06-17 23:00:00,3779.0743650793634,6617.0
2025-06-18 00:00:00,3517.0041304112565,6200.0
2025-06-18 01:00:00,3543.35618206793,5851.0
2025-06-18 02:00:00,4147.449275471362,4705.0
2025-06-18 03:00:00,5208.904071428573,4097.0
2025-06-18 04:00:00,5201.191265873016,3505.0
2025-06-18 05:00:00,4349.816429743865,3007.0
2025-06-18 06:00:00,4131.971327380955,2466.0
2025-06-18 07:00:00,5040.584443722943,2250.0
2025-06-18 08:00:00,4683.741381888944,1767.0
2025-06-18 09:00:00,4711.188946872388,1198.0
2025-06-18 10:00:00,4377.094064467477,887.0
2025-06-18 11:00:00,3430.835126969096,758.0
2025-06-18 12:00:00,3336.073200396826,815.0
2025-06-18 13:00:00,4511.2181145607865,1002.0
2025-06-18 14:00:00,4862.4436722583,1170.0
2025-06-18 15:00:00,4680.538138077206,1562.0
2025-06-18 16:00:00,6206.964158753436,2119.0
2025-06-18 17:00:00,6524.053676316738,2597.0
2025-06-18 18:00:00,6965.7816521247,3111.0
2025-06-18 19:00:00,6569.671230609669,3391.0
2025-06-18 20:00:00,7184.8792103174665,3373.0
2025-06-18 21:00:00,6130.700125631312,3109.0
2025-06-18 22:00:00,6700.42992559524,3359.0
2025-06-18 23:00:00,6647.364075892862,3301.0
2025-06-19 00:00:00,5751.753316964288,3000.0
2025-06-19 01:00:00,6979.917473214284,2524.0
2025-06-19 02:00:00,5184.549727182536,2459.0
2025-06-19 03:00:00,5248.31581944444,2446.0
2025-06-19 04:00:00,4113.682366251804,2487.0
2025-06-19 05:00:00,3906.1740625000025,2606.0
2025-06-19 06:00:00,4025.0400133928592,2167.0
2025-06-19 07:00:00,3286.1253174603185,1679.0
2025-06-19 08:00:00,3626.046938988098,1204.0
2025-06-19 09:00:00,3485.7606746482697,1186.0
2025-06-19 10:00:00,3126.498062229437,1377.0
2025-06-19 11:00:00,2957.307754365738,1736.0
2025-06-19 12:00:00,2732.189610913046,2282.0
2025-06-19 13:00:00,5074.23285217305,3213.0
2025-06-19 14:00:00,5650.047960091989,3702.0
2025-06-19 15:00:00,6423.006310515878,3955.0
2025-06-19 16:00:00,6924.525995535713,4484.0
2025-06-19 17:00:00,6577.383499007937,4668.0
2025-06-19 18:00:00,6377.810710317459,5946.0
2025-06-19 19:00:00,6426.565288690477,7238.0
2025-06-19 20:00:00,6088.583291666669,7378.0
2025-06-19 21:00:00,5170.970419642858,7071.0
2025-06-19 22:00:00,3707.274868961353,6587.0
2025-06-19 23:00:00,3480.3924474206347,5237.0
2025-06-20 00:00:00,3175.103505952381,4242.0
2025-06-20 01:00:00,3966.9357984307326,3685.0
2025-06-20 02:00:00,4076.73400876207,3228.0
2025-06-20 03:00:00,4637.618810554028,3241.0
2025-06-20 04:00:00,4644.263203869048,3256.0
2025-06-20 05:00:00,3976.240632347636,3065.0
2025-06-20 06:00:00,3295.5799207251066,3004.0
2025-06-20 07:00:00,3638.684476594293,2993.0
2025-06-20 08:00:00,3329.1435151660685,2877.0
2025-06-20 09:00:00,3110.3046470290974,2308.0
2025-06-20 10:00:00,3207.692464590965,2064.0
2025-06-20 11:00:00,2580.3306727577983,1900.0
2025-06-20 12:00:00,2999.950704725829,2053.0
2025-06-20 13:00:00,2803.544928087689,2281.0
2025-06-20 14:00:00,2770.4520450094897,2431.0
2025-06-20 15:00:00,2875.4240972667376,2403.0
2025-06-20 16:00:00,3434.9584188311696,2896.0
2025-06-20 17:00:00,3716.133939213565,3529.0
2025-06-20 18:00:00,4513.540654220775,4275.0
2025-06-20 19:00:00,4419.393792929293,4482.0
2025-06-20 20:00:00,4224.413621919382,4210.0
2025-06-20 21:00:00,4379.770231150793,4345.0
2025-06-20 22:00:00,4048.8536374007945,4500.0
2025-06-20 23:00:00,4102.662228070174,4427.0
2025-06-21 00:00:00,4116.670052083331,3904.0
2025-06-21 01:00:00,4312.131074585134,4089.0
2025-06-21 02:00:00,4296.320654761908,4289.0
2025-06-21 03:00:00,4224.942316738813,3796.0
2025-06-21 04:00:00,4369.98138832608,3354.0
2025-06-21 05:00:00,3922.29319060882,2826.0
2025-06-21 06:00:00,5271.857606368866,2390.0
2025-06-21 07:00:00,4433.188455128208,2123.0
2025-06-21 08:00:00,3561.567647961647,1742.0
2025-06-21 09:00:00,4570.018446596682,1272.0
2025-06-21 10:00:00,3406.547065689196,1007.0
2025-06-21 11:00:00,2729.1484223838283,1106.0
2025-06-21 12:00:00,2732.3640918370725,1182.0
2025-06-21 13:00:00,4644.015477182543,1461.0
2025-06-21 14:00:00,6047.588555555553,1921.0
2025-06-21 15:00:00,6390.7797533959065,2304.0
2025-06-21 16:00:00,6962.774779761898,2694.0
2025-06-21 17:00:00,6720.531812996031,4121.0
2025-06-21 18:00:00,5909.448432133838,5050.0
2025-06-21 19:00:00,7371.09646180556,6133.0
2025-06-21 20:00:00,6214.980276785717,6745.0
2025-06-21 21:00:00,5253.445486607144,6797.0
2025-06-21 22:00:00,7706.343097718253,5245.0
2025-06-21 23:00:00,6243.844854166665,3937.0
2025-06-22 00:00:00,6257.41673728355,4549.0
2025-06-22 01:00:00,6294.052596139972,4135.0
2025-06-22 02:00:00,6285.6936488095225,3603.0
2025-06-22 03:00:00,6954.914459443334,3036.0
2025-06-22 04:00:00,6129.38198958333,2898.0
2025-06-22 05:00:00,5834.593258928571,3082.0
2025-06-22 06:00:00,5257.855399801587,2900.0
2025-06-22 07:00:00,4758.771401785714,3186.0
2025-06-22 08:00:00,4644.820550595237,2426.0
2025-06-22 09:00:00,4635.049383432537,1706.0
2025-06-22 10:00:00,2916.855520673362,1604.0
2025-06-22 11:00:00,2511.7203651955647,1786.0
2025-06-22 12:00:00,3159.54336308885,1741.0
2025-06-22 13:00:00,3250.109250450937,2014.0
2025-06-22 14:00:00,3453.841125992063,2427.0
2025-06-22 15:00:00,3540.170120039682,2530.0
2025-06-22 16:00:00,4479.89892261905,2835.0
2025-06-22 17:00:00,5296.280731962481,4495.0
2025-06-22 18:00:00,5050.495043290041,6538.0
2025-06-22 19:00:00,6115.926842261904,6342.0
2025-06-22 20:00:00,5280.219944309161,5628.0
2025-06-22 21:00:00,7162.809852161325,5671.0
2025-06-22 22:00:00,7200.509885146101,6873.0
2025-06-22 23:00:00,6003.081431547622,7939.0
2025-06-23 00:00:00,6582.869930059524,7387.0
2025-06-23 01:00:00,5717.965699404762,7012.0
2025-06-23 02:00:00,6084.3223878968265,6275.0
2025-06-23 03:00:00,6590.956492796098,5879.0
2025-06-23 04:00:00,5243.550445974982,5543.0
2025-06-23 05:00:00,4785.835905573594,5034.0
2025-06-23 06:00:00,5412.497109623018,5100.0
2025-06-23 07:00:00,3966.2495213675215,4973.0
2025-06-23 08:00:00,4876.253745851369,4580.0
2025-06-23 09:00:00,4245.001371031745,3803.0
2025-06-23 10:00:00,4466.912128968254,3617.0
2025-06-23 11:00:00,3673.357856527184,3794.0
2025-06-23 12:00:00,4310.794994678933,3855.0
2025-06-23 13:00:00,4221.159655792124,4253.0
2025-06-23 14:00:00,3945.665620039684,4214.0
2025-06-23 15:00:00,4408.181153769841,4230.0
2025-06-23 16:00:00,3892.133270833337,4815.0
2025-06-23 17:00:00,4299.886779213023,4253.0
2025-06-23 18:00:00,4762.2264930555575,4004.0
2025-06-23 19:00:00,4788.148975378788,3924.0
2025-06-23 20:00:00,4253.002456349203,3560.0
2025-06-23 21:00:00,6878.678993957434,3548.0
2025-06-23 22:00:00,6607.080328702547,4024.0
2025-06-23 23:00:00,5898.065017766952,5068.0
2025-06-24 00:00:00,5708.335644345241,5565.0
2025-06-24 01:00:00,5549.144254960319,5950.0
2025-06-24 02:00:00,5573.788922168112,5734.0
2025-06-24 03:00:00,6073.016257620849,5688.0
2025-06-24 04:00:00,5486.159287878789,5564.0
2025-06-24 05:00:00,4995.432596410535,4960.0
2025-06-24 06:00:00,4079.3642926587295,3943.0
2025-06-24 07:00:00,4171.733159496754,3570.0
2025-06-24 08:00:00,3764.8779572510807,3039.0
2025-06-24 09:00:00,3268.319983426702,2469.0
2025-06-24 10:00:00,3172.672850864068,2064.0
2025-06-24 11:00:00,2432.831683850471,2256.0
2025-06-24 12:00:00,3148.658362089299,2971.0
2025-06-24 13:00:00,5956.696716269845,4423.0
2025-06-24 14:00:00,5951.264647817461,5263.0
2025-06-24 15:00:00,6331.451607066544,6280.0
2025-06-24 16:00:00,6969.098195075751,6820.0
2025-06-24 17:00:00,6465.323014384925,7933.0
2025-06-24 18:00:00,6348.772438492064,9086.0
2025-06-24 19:00:00,7645.021846153852,9288.0
2025-06-24 20:00:00,6374.398747023811,9585.0
2025-06-24 21:00:00,6970.884210813487,9564.0
2025-06-24 22:00:00,6365.11838780664,8280.0
2025-06-24 23:00:00,5570.780421130952,8069.0
2025-06-25 00:00:00,4098.144758928568,7358.0
2025-06-25 01:00:00,5139.232119047621,6635.0
2025-06-25 02:00:00,5258.887998376624,5780.0
2025-06-25 03:00:00,4671.248424249362,4535.0
2025-06-25 04:00:00,4818.73185218254,3942.0
2025-06-25 05:00:00,4276.872193310654,3792.0
2025-06-25 06:00:00,3612.7945684523793,3416.0
2025-06-25 07:00:00,3996.9867886904767,2969.0
2025-06-25 08:00:00,3756.120469696968,2415.0
2025-06-25 09:00:00,3180.487935019842,2283.0
2025-06-25 10:00:00,3272.828116826748,2983.0
2025-06-25 11:00:00,3735.4402679924265,3943.0
2025-06-25 12:00:00,3497.871755306924,4670.0
2025-06-25 13:00:00,4867.505271103894,5095.0
2025-06-25 14:00:00,4873.2332939213575,5370.0
2025-06-25 15:00:00,5949.575147727271,5568.0
2025-06-25 16:00:00,6138.817600386438,5989.0
2025-06-25 17:00:00,6061.0996278368575,6594.0
2025-06-25 18:00:00,6578.399919350523,7166.0
2025-06-25 19:00:00,7303.788959325396,7216.0
2025-06-25 20:00:00,6542.5757343975465,7748.0
2025-06-25 21:00:00,6317.879087797619,7303.0
2025-06-25 22:00:00,6489.924258279916,6861.0
2025-06-25 23:00:00,6107.8679849308965,6791.0
2025-06-26 00:00:00,6108.506087301589,6855.0
2025-06-26 01:00:00,5742.023077380948,6976.0
2025-06-26 02:00:00,5104.486100656285,6923.0
2025-06-26 03:00:00,5439.589629464284,6872.0
2025-06-26 04:00:00,5557.145661401097,6606.0
2025-06-26 05:00:00,4955.767647422023,6311.0
2025-06-26 06:00:00,3751.441089285712,6104.0
2025-06-26 07:00:00,3934.396707112332,5822.0
2025-06-26 08:00:00,3680.019995291399,5187.0
2025-06-26 09:00:00,3412.3572312747665,4171.0
2025-06-26 10:00:00,2820.876446997209,3743.0
2025-06-26 11:00:00,2696.3755964704824,3254.0
2025-06-26 12:00:00,2716.963880944714,2790.0
2025-06-26 13:00:00,2906.263270093796,2199.0
2025-06-26 14:00:00,2788.5502929197987,1786.0
2025-06-26 15:00:00,2803.241568854569,1633.0
2025-06-26 16:00:00,3274.392751623376,1684.0
2025-06-26 17:00:00,3774.8627389069234,1933.0
2025-06-26 18:00:00,4023.3519343226217,2478.0
2025-06-26 19:00:00,4773.433881707537,3100.0
2025-06-26 20:00:00,4748.463031328749,3697.0
2025-06-26 21:00:00,4750.24061607143,4036.0
2025-06-26 22:00:00,4873.732565476191,4695.0
2025-06-26 23:00:00,4608.526767857141,5047.0
2025-06-27 00:00:00,3772.955893849208,4897.0
2025-06-27 01:00:00,3516.54062858669,4484.0
2025-06-27 02:00:00,3247.316250992064,3971.0
2025-06-27 03:00:00,2970.145939484128,3523.0
2025-06-27 04:00:00,3170.5439464285737,3072.0
2025-06-27 05:00:00,2658.206184523807,2683.0
2025-06-27 06:00:00,3888.783836309525,2423.0
2025-06-27 07:00:00,4482.409044642855,2308.0
2025-06-27 08:00:00,4076.5419747474734,2098.0
2025-06-27 09:00:00,3494.301237637362,1828.0
2025-06-27 10:00:00,3092.8769547934708,1480.0
2025-06-27 11:00:00,3449.914131686505,1444.0
2025-06-27 12:00:00,2791.836445792412,1523.0
2025-06-27 13:00:00,3109.127288855617,1688.0
2025-06-27 14:00:00,3052.5758097386856,1801.0
2025-06-27 15:00:00,3273.254014249639,1949.0
2025-06-27 16:00:00,3633.700481152529,2302.0
2025-06-27 17:00:00,4272.645911031646,2531.0
2025-06-27 18:00:00,4814.123095416049,2828.0
2025-06-27 19:00:00,5404.219856150789,3264.0
2025-06-27 20:00:00,5137.725684523809,3835.0
2025-06-27 21:00:00,5275.186597017263,4457.0
2025-06-27 22:00:00,5237.2873818542585,5215.0
2025-06-27 23:00:00,4977.11432390873,5874.0
2025-06-28 00:00:00,4891.98894047619,5881.0
2025-06-28 01:00:00,4451.544029761905,5923.0
2025-06-28 02:00:00,4147.934892886321,5866.0
2025-06-28 03:00:00,3521.578770833333,5135.0
2025-06-28 04:00:00,4978.236423611112,4148.0
2025-06-28 05:00:00,4573.726125450938,3545.0
2025-06-28 06:00:00,3904.808686507935,2924.0
2025-06-28 07:00:00,3882.9667371031737,2648.0
2025-06-28 08:00:00,3821.0447655261423,2147.0
2025-06-28 09:00:00,3338.2868327228334,1632.0
2025-06-28 10:00:00,3499.233552866986,1257.0
2025-06-28 11:00:00,3991.301097989943,1268.0
2025-06-28 12:00:00,2856.9769346284734,1452.0
2025-06-28 13:00:00,3155.530864093136,1732.0
2025-06-28 14:00:00,2672.026177128426,1986.0
2025-06-28 15:00:00,2863.8345937187805,2161.0
2025-06-28 16:00:00,3123.122252705626,2454.0
2025-06-28 17:00:00,3563.019249007933,2663.0
2025-06-28 18:00:00,5291.542778679654,3020.0
2025-06-28 19:00:00,5448.157882079727,3479.0
2025-06-28 20:00:00,6006.721152417028,4211.0
2025-06-28 21:00:00,6082.652237012983,4966.0
2025-06-28 22:00:00,5454.144311011905,5513.0
2025-06-28 23:00:00,5510.144973214285,5716.0
2025-06-29 00:00:00,4824.706401785717,5651.0
2025-06-29 01:00:00,5009.414944940475,5763.0
2025-06-29 02:00:00,4637.610917343075,5034.0
2025-06-29 03:00:00,4146.063668650792,4267.0
2025-06-29 04:00:00,4345.773440476193,3552.0
2025-06-29 05:00:00,3946.7920099206367,2989.0
2025-06-29 06:00:00,4234.5826469155845,2566.0
2025-06-29 07:00:00,3944.674651980157,2260.0
2025-06-29 08:00:00,3936.5899118034745,1942.0
2025-06-29 09:00:00,3306.758346625132,1415.0
2025-06-29 10:00:00,3821.112264570076,1204.0
2025-06-29 11:00:00,3314.890774566179,1195.0
2025-06-29 12:00:00,3029.480788718633,1404.0
2025-06-29 13:00:00,3814.938785849567,1593.0
2025-06-29 14:00:00,3591.85198561508,1770.0
2025-06-29 15:00:00,3645.157943800416,1945.0
2025-06-29 16:00:00,3526.498229989916,2541.0
2025-06-29 17:00:00,3501.964441468252,3315.0
2025-06-29 18:00:00,3490.9462812499987,4266.0
2025-06-29 19:00:00,4285.698892166493,4910.0
2025-06-29 20:00:00,7002.302768849207,5157.0
2025-06-29 21:00:00,7653.299752750726,5349.0
2025-06-29 22:00:00,7732.735007936511,5806.0
2025-06-29 23:00:00,8772.131955357137,5822.0
2025-06-30 00:00:00,7957.020244047615,5617.0
2025-06-30 01:00:00,7618.22955312049,5841.0
2025-06-30 02:00:00,7383.719279310968,6251.0
2025-06-30 03:00:00,6198.629017857141,5043.0
2025-06-30 04:00:00,6130.530785438214,3886.0
2025-06-30 05:00:00,5296.642994922967,3388.0
2025-06-30 06:00:00,3689.768912878787,2970.0
2025-06-30 07:00:00,4753.193915178572,2649.0
2025-06-30 08:00:00,3628.958216488868,2547.0
2025-06-30 09:00:00,2892.482612479229,1973.0
2025-06-30 10:00:00,2733.418209869684,1539.0
2025-06-30 11:00:00,3292.2795283223704,1560.0
2025-06-30 12:00:00,2923.8094380193565,1633.0
2025-06-30 13:00:00,3292.204951388886,1683.0
2025-06-30 14:00:00,4162.858478670637,1793.0
2025-06-30 15:00:00,4185.829858630953,2160.0
2025-06-30 16:00:00,4153.297653731684,2635.0
2025-06-30 17:00:00,3851.130347513597,3251.0
2025-06-30 18:00:00,4045.627985119048,4393.0
2025-06-30 19:00:00,4090.5596359127,5444.0
2025-06-30 20:00:00,4415.7422459415575,5704.0
2025-06-30 21:00:00,5123.64243948413,5855.0
2025-06-30 22:00:00,5565.511230488263,5241.0
2025-06-30 23:00:00,6219.007258928573,4057.0
2025-07-01 00:00:00,5581.151654310969,3689.0
2025-07-01 01:00:00,5490.848546130949,2745.0
2025-07-01 02:00:00,5293.138352182539,2703.0
2025-07-01 03:00:00,5770.655328869047,2305.0
2025-07-01 04:00:00,5030.013543436465,2105.0
2025-07-01 05:00:00,4735.202329441091,2053.0
2025-07-01 06:00:00,4112.253328282828,1913.0
2025-07-01 07:00:00,3953.0838309333512,2035.0
2025-07-01 08:00:00,3703.510699003281,2007.0
2025-07-01 09:00:00,3390.9023899801577,1941.0
2025-07-01 10:00:00,3004.0036981254693,1890.0
2025-07-01 11:00:00,2325.759670497721,1991.0
2025-07-01 12:00:00,2334.12369011544,2186.0
2025-07-01 13:00:00,2442.22494593254,2210.0
2025-07-01 14:00:00,3172.413163512413,2330.0
2025-07-01 15:00:00,3166.652891075906,2601.0
2025-07-01 16:00:00,3384.8373591695763,3257.0
2025-07-01 17:00:00,3993.756356331172,3704.0
2025-07-01 18:00:00,4563.784701659452,4802.0
2025-07-01 19:00:00,5150.24319155844,5974.0
2025-07-01 20:00:00,7437.634094967529,6490.0
2025-07-01 21:00:00,7030.641882215015,6457.0
2025-07-01 22:00:00,6649.912745039677,7454.0
2025-07-01 23:00:00,7054.054551136356,6749.0
2025-07-02 00:00:00,6158.795636283356,5831.0
2025-07-02 01:00:00,6032.576883658009,5234.0
2025-07-02 02:00:00,6342.111940454168,4908.0
2025-07-02 03:00:00,5888.983697926096,4412.0
2025-07-02 04:00:00,5498.018435417467,4187.0
2025-07-02 05:00:00,5459.163496856467,3870.0
2025-07-02 06:00:00,4728.208333528844,3786.0
2025-07-02 07:00:00,4784.5312545889965,3668.0
2025-07-02 08:00:00,3813.505914751097,3576.0
2025-07-02 09:00:00,3665.6149997529287,3444.0
2025-07-02 10:00:00,3081.005674248511,3498.0
2025-07-02 11:00:00,3369.309766777066,3549.0
2025-07-02 12:00:00,2549.747868363944,3719.0
2025-07-02 13:00:00,3181.582020186907,4045.0
2025-07-02 14:00:00,3306.307877802752,4783.0
2025-07-02 15:00:00,3521.3483273809525,5791.0
2025-07-02 16:00:00,3988.7149184765394,7390.0
2025-07-02 17:00:00,4705.065259441128,9024.0
2025-07-02 18:00:00,4507.521072770778,10626.0
2025-07-02 19:00:00,5014.866883643765,11947.0
2025-07-02 20:00:00,5469.630814303752,11874.0
2025-07-02 21:00:00,6619.308106872296,11942.0
2025-07-02 22:00:00,6904.661948156012,11069.0
2025-07-02 23:00:00,6592.053839285713,11116.0
2025-07-03 00:00:00,6701.543125915753,10287.0
2025-07-03 01:00:00,6904.2099120671,9945.0
2025-07-03 02:00:00,6305.884975649353,9667.0
2025-07-03 03:00:00,6506.268142361114,9549.0
2025-07-03 04:00:00,6066.311489922723,9863.0
2025-07-03 05:00:00,4901.812251131533,10044.0
2025-07-03 06:00:00,5308.670580890085,9734.0
2025-07-03 07:00:00,5531.244854569137,9159.0
2025-07-03 08:00:00,4935.7245203373,8188.0
2025-07-03 09:00:00,4087.187339896272,7212.0
2025-07-03 10:00:00,4307.321931648825,6600.0
2025-07-03 11:00:00,3610.746069978632,6379.0
2025-07-03 12:00:00,3714.725095910852,5928.0
2025-07-03 13:00:00,3742.2566073336384,5447.0
2025-07-03 14:00:00,3837.647533574872,5179.0
2025-07-03 15:00:00,3970.458376973239,5388.0
2025-07-03 16:00:00,3686.417308459513,5931.0
2025-07-03 17:00:00,5674.658994047624,6850.0
2025-07-03 18:00:00,6123.0263069083685,7336.0
2025-07-03 19:00:00,6567.716267992428,7934.0
2025-07-03 20:00:00,8469.52088776155,8785.0
2025-07-03 21:00:00,7583.21543772547,10039.0
2025-07-03 22:00:00,8604.542682539677,11108.0
2025-07-03 23:00:00,9984.26079761905,10727.0
2025-07-04 00:00:00,8414.94048421717,10504.0
2025-07-04 01:00:00,10821.578528769844,9352.0
2025-07-04 02:00:00,11609.27871329366,9370.0
2025-07-04 03:00:00,10556.28661111111,9682.0
2025-07-04 04:00:00,11642.566321428572,9575.0
2025-07-04 05:00:00,10482.915424603169,8550.0
2025-07-04 06:00:00,10149.731418560606,7569.0
2025-07-04 07:00:00,8828.066651785719,6541.0
2025-07-04 08:00:00,7571.546386904761,5386.0
2025-07-04 09:00:00,6106.123720598847,4601.0
2025-07-04 10:00:00,4455.16564619408,4306.0
2025-07-04 11:00:00,4296.945697018258,4031.0
2025-07-04 12:00:00,4063.136053998776,3670.0
2025-07-04 13:00:00,3262.475563039698,3326.0
2025-07-04 14:00:00,3322.404693001443,3089.0
2025-07-04 15:00:00,3687.2189753415446,3068.0
2025-07-04 16:00:00,3791.800649922996,3240.0
2025-07-04 17:00:00,4320.891141475483,3500.0
2025-07-04 18:00:00,4598.510004915226,4022.0
2025-07-04 19:00:00,4997.127105583652,4997.0
2025-07-04 20:00:00,5299.708938942998,6207.0
2025-07-04 21:00:00,5415.867071924604,7758.0
2025-07-04 22:00:00,7517.478636904758,7856.0
2025-07-04 23:00:00,7761.487338293657,7572.0
2025-07-05 00:00:00,8645.915768849201,8129.0
2025-07-05 01:00:00,8569.169823683265,8273.0
2025-07-05 02:00:00,8846.256220238096,8186.0
2025-07-05 03:00:00,7222.88277281746,8356.0
2025-07-05 04:00:00,6975.00351190476,7135.0
2025-07-05 05:00:00,7428.378342757936,6536.0
2025-07-05 06:00:00,6484.534915178575,6199.0
2025-07-05 07:00:00,4663.097153927666,5875.0
2025-07-05 08:00:00,4118.784736991894,5192.0
2025-07-05 09:00:00,3051.9870962424425,3760.0
2025-07-05 10:00:00,3131.9288098246093,3426.0
2025-07-05 11:00:00,2931.9335523103964,2977.0
2025-07-05 12:00:00,3038.489560496796,2780.0
2025-07-05 13:00:00,2954.631686926429,2885.0
2025-07-05 14:00:00,3540.315044028208,3095.0
2025-07-05 15:00:00,3964.604578598484,3532.0
2025-07-05 16:00:00,4177.96005308213,3961.0
2025-07-05 17:00:00,4475.863150158664,4916.0
2025-07-05 18:00:00,4813.760861815616,6498.0
2025-07-05 19:00:00,5478.040023201353,7267.0
2025-07-05 20:00:00,6796.70857291667,8860.0
2025-07-05 21:00:00,6884.19189488636,8842.0
2025-07-05 22:00:00,7210.473468177653,9083.0
2025-07-05 23:00:00,6736.042801895183,9162.0
2025-07-06 00:00:00,6508.018429415183,8174.0
2025-07-06 01:00:00,7240.324390283743,7162.0
2025-07-06 02:00:00,6151.050219861744,6194.0
2025-07-06 03:00:00,5617.996349278908,5445.0
2025-07-06 04:00:00,5685.802175817241,5326.0
2025-07-06 05:00:00,4855.4958515703065,5071.0
2025-07-06 06:00:00,3961.636296385602,4412.0
2025-07-06 07:00:00,4330.206164562739,3821.0
2025-07-06 08:00:00,3586.7447748665068,3069.0
2025-07-06 09:00:00,2218.640020438,2081.0
2025-07-06 10:00:00,2113.3064065771496,1544.0
2025-07-06 11:00:00,2675.133670500899,1421.0
2025-07-06 12:00:00,2590.514246050116,1381.0
2025-07-06 13:00:00,3238.323233851858,1528.0
2025-07-06 14:00:00,3478.441819586897,1907.0
2025-07-06 15:00:00,4999.0769239151805,2450.0
2025-07-06 16:00:00,5183.448438332501,3112.0
2025-07-06 17:00:00,5695.951921626978,3909.0
2025-07-06 18:00:00,6719.827499909814,5214.0
2025-07-06 19:00:00,6780.547916552195,6419.0
2025-07-06 20:00:00,5732.856053960772,7451.0
2025-07-06 21:00:00,5459.144008338883,7610.0
2025-07-06 22:00:00,7392.931806457068,7372.0
2025-07-06 23:00:00,6978.727173621216,7008.0
2025-07-07 00:00:00,6249.897296040401,6918.0
2025-07-07 01:00:00,7279.5323236054255,6513.0
2025-07-07 02:00:00,5961.757736208375,6220.0
2025-07-07 03:00:00,5510.751518535641,6140.0
2025-07-07 04:00:00,5053.477929869346,5990.0
2025-07-07 05:00:00,4883.728797532487,5924.0
2025-07-07 06:00:00,4653.954369960229,5808.0
2025-07-07 07:00:00,4660.18270083314,5659.0
2025-07-07 08:00:00,4083.246487653648,5238.0
2025-07-07 09:00:00,4166.543914627039,4885.0
2025-07-07 10:00:00,3295.6130340761997,4475.0
2025-07-07 11:00:00,3232.358402258073,3934.0
2025-07-07 12:00:00,3238.0680684827275,4346.0
2025-07-07 13:00:00,2798.3404965277778,4990.0
2025-07-07 14:00:00,3479.2561666666656,5902.0
2025-07-07 15:00:00,4154.485929363931,6816.0
2025-07-07 16:00:00,4816.226015963206,6985.0
2025-07-07 17:00:00,5645.095088474025,7517.0
2025-07-07 18:00:00,5741.673812905841,8242.0
2025-07-07 19:00:00,6897.126037539565,10139.0
2025-07-07 20:00:00,7291.837551587298,11789.0
2025-07-07 21:00:00,6954.964125838851,11842.0
2025-07-07 22:00:00,8746.213123376621,12361.0
2025-07-07 23:00:00,9494.664939484126,12773.0
2025-07-08 00:00:00,8778.701228986289,12745.0
2025-07-08 01:00:00,8728.128129960316,12573.0
2025-07-08 02:00:00,9915.148516865082,12375.0
2025-07-08 03:00:00,8685.005371031744,12069.0
2025-07-08 04:00:00,8160.412517857135,11917.0
2025-07-08 05:00:00,7403.101624999998,11492.0
2025-07-08 06:00:00,6634.586732864359,10868.0
2025-07-08 07:00:00,5576.047627327534,10250.0
2025-07-08 08:00:00,5984.8029065221,9417.0
2025-07-08 09:00:00,6099.445610678743,8515.0
2025-07-08 10:00:00,5582.997207702025,7361.0
2025-07-08 11:00:00,4952.656789319596,6604.0
2025-07-08 12:00:00,4409.136572774536,5348.0
2025-07-08 13:00:00,3947.4052017794975,5171.0
2025-07-08 14:00:00,4214.4068677503055,5163.0
2025-07-08 15:00:00,3973.4873546626977,5208.0
2025-07-08 16:00:00,4206.055878472223,5169.0
2025-07-08 17:00:00,4148.684210858583,5794.0
2025-07-08 18:00:00,4496.077299004811,6519.0
2025-07-08 19:00:00,4934.369601053361,7611.0
2025-07-08 20:00:00,5040.706612599205,8697.0
2025-07-08 21:00:00,5182.730740296656,9261.0
2025-07-08 22:00:00,5925.081917433265,9813.0
2025-07-08 23:00:00,6238.24819146825,10083.0
2025-07-09 00:00:00,5666.22696031746,9922.0
2025-07-09 01:00:00,5755.427179563497,9419.0
2025-07-09 02:00:00,5985.338019854378,9031.0
2025-07-09 03:00:00,6038.276952471138,8301.0
2025-07-09 04:00:00,4872.60653500455,7405.0
2025-07-09 05:00:00,4940.648924777016,6644.0
2025-07-09 06:00:00,4476.713548261924,6082.0
2025-07-09 07:00:00,3987.659805555552,5506.0
2025-07-09 08:00:00,3876.006193858224,4590.0
2025-07-09 09:00:00,2958.173203789876,3698.0
2025-07-09 10:00:00,2619.1131705490707,3002.0
2025-07-09 11:00:00,2182.397073530917,2623.0
2025-07-09 12:00:00,2327.8309055284976,2434.0
2025-07-09 13:00:00,3257.063798420329,2331.0
2025-07-09 14:00:00,3781.911487599205,2536.0
2025-07-09 15:00:00,4106.678765530076,2737.0
2025-07-09 16:00:00,5872.304849702379,2737.0
2025-07-09 17:00:00,6032.811017337375,2657.0
2025-07-09 18:00:00,6823.363589105342,2684.0
2025-07-09 19:00:00,7142.217584741647,3006.0
2025-07-09 20:00:00,7070.800876671106,3800.0
2025-07-09 21:00:00,7122.688163012234,4487.0
2025-07-09 22:00:00,6820.920080357139,4767.0
2025-07-09 23:00:00,7668.364729617605,4647.0
2025-07-10 00:00:00,6477.3726709030525,4325.0
2025-07-10 01:00:00,6054.689501580848,4083.0
2025-07-10 02:00:00,5800.374806337033,3940.0
2025-07-10 03:00:00,6053.591958275428,3117.0
2025-07-10 04:00:00,5357.31871248196,2677.0
2025-07-10 05:00:00,5607.844005636664,2282.0
2025-07-10 06:00:00,4778.296365080551,1834.0
2025-07-10 07:00:00,4008.900581918936,1683.0
2025-07-10 08:00:00,4616.064075744808,1436.0
2025-07-10 09:00:00,3307.1219886279378,888.0
2025-07-10 10:00:00,2579.093505633255,550.0
2025-07-10 11:00:00,2639.75738393042,356.0
2025-07-10 12:00:00,2604.816032770595,401.0
2025-07-10 13:00:00,3098.035094846491,669.0
2025-07-10 14:00:00,3672.399733750449,1089.0
2025-07-10 15:00:00,4226.896323880437,1537.0
2025-07-10 16:00:00,4271.301984071487,1975.0
2025-07-10 17:00:00,4735.932179063962,2467.0
2025-07-10 18:00:00,5549.352061938058,3250.0
2025-07-10 19:00:00,5243.573820436506,3964.0
2025-07-10 20:00:00,6355.726675032348,4257.0
2025-07-10 21:00:00,7416.236960813488,4310.0
2025-07-10 22:00:00,7112.884844398655,4210.0
2025-07-10 23:00:00,7547.541425595238,4423.0
2025-07-11 00:00:00,7756.469220758604,4873.0
2025-07-11 01:00:00,6753.8799733666565,4810.0
2025-07-11 02:00:00,7835.384284136002,4424.0
2025-07-11 03:00:00,6756.483477187825,4072.0
2025-07-11 04:00:00,6776.2177475649305,3789.0
2025-07-11 05:00:00,5920.553023313492,3242.0
2025-07-11 06:00:00,5334.460294486214,2759.0
2025-07-11 07:00:00,6372.746552516927,2259.0
2025-07-11 08:00:00,6042.594788690479,1787.0
2025-07-11 09:00:00,5890.951887557665,1326.0
2025-07-11 10:00:00,5831.980374245298,1277.0
2025-07-11 11:00:00,5796.689146421242,1285.0
2025-07-11 12:00:00,5598.985036255411,1487.0
2025-07-11 13:00:00,6060.541922314508,1878.0
2025-07-11 14:00:00,5448.270453675507,2445.0
2025-07-11 15:00:00,5841.290118960078,3115.0
2025-07-11 16:00:00,6016.318890546283,3821.0
2025-07-11 17:00:00,5683.167054655054,4585.0
2025-07-11 18:00:00,5405.9120039765685,6083.0
2025-07-11 19:00:00,6982.868460948776,7749.0
2025-07-11 20:00:00,7207.5018523178205,7605.0
2025-07-11 21:00:00,6607.305161210319,7621.0
2025-07-11 22:00:00,6894.421726190477,7366.0
2025-07-11 23:00:00,6767.600826388892,6416.0
2025-07-12 00:00:00,6234.883894928807,4614.0
2025-07-12 01:00:00,8273.564459623018,3929.0
2025-07-12 02:00:00,7032.098163933975,3237.0
2025-07-12 03:00:00,5950.621846262075,3030.0
2025-07-12 04:00:00,5525.95846270478,3105.0
2025-07-12 05:00:00,5659.889085585372,3023.0
2025-07-12 06:00:00,5835.66192687448,2670.0
2025-07-12 07:00:00,6330.994943794475,2797.0
2025-07-12 08:00:00,6049.7058915753,2595.0
2025-07-12 09:00:00,5171.676031660064,2292.0
2025-07-12 10:00:00,5030.395206278911,2498.0
2025-07-12 11:00:00,5475.205054176727,2665.0
2025-07-12 12:00:00,5958.544972299923,2973.0
2025-07-12 13:00:00,5622.8341665903545,2609.0
2025-07-12 14:00:00,5843.31036845238,2643.0
2025-07-12 15:00:00,5233.739902777777,2711.0
2025-07-12 16:00:00,6438.521388888886,2297.0
2025-07-12 17:00:00,6837.270292294511,2852.0
2025-07-12 18:00:00,6894.902519300144,2689.0
2025-07-12 19:00:00,5873.691646481993,3201.0
2025-07-12 20:00:00,6059.100888229824,3186.0
2025-07-12 21:00:00,6300.438517857138,3361.0
2025-07-12 22:00:00,6216.9093083273,2516.0
2025-07-12 23:00:00,6111.414595266709,2263.0
2025-07-13 00:00:00,5577.614800853522,2113.0
2025-07-13 01:00:00,5917.366604238887,1938.0
2025-07-13 02:00:00,5886.426577169682,1618.0
2025-07-13 03:00:00,5517.639649883421,1479.0
2025-07-13 04:00:00,5853.77048914402,1449.0
2025-07-13 05:00:00,5490.416318991516,1541.0
2025-07-13 06:00:00,5670.252976204436,1543.0
2025-07-13 07:00:00,4546.039361546481,1472.0
2025-07-13 08:00:00,5024.443229224341,1224.0
2025-07-13 09:00:00,4362.678920052169,940.0
2025-07-13 10:00:00,4166.902144430223,772.0
2025-07-13 11:00:00,3406.914983479948,708.0
2025-07-13 12:00:00,2809.5244150006342,692.0
2025-07-13 13:00:00,2933.001824044011,778.0
2025-07-13 14:00:00,3100.461804563492,747.0
2025-07-13 15:00:00,3812.213907738093,793.0
2025-07-13 16:00:00,4517.113540131224,1053.0
2025-07-13 17:00:00,4695.171699065486,1409.0
2025-07-13 18:00:00,4996.217254279883,1948.0
2025-07-13 19:00:00,5950.693543971129,2657.0
2025-07-13 20:00:00,5638.349018501151,2998.0
2025-07-13 21:00:00,5647.829952808666,3355.0
2025-07-13 22:00:00,6986.32954524694,3626.0
2025-07-13 23:00:00,6321.977182689992,3750.0
2025-07-14 00:00:00,6411.864317193224,3628.0
2025-07-14 01:00:00,6591.294160293411,3553.0
2025-07-14 02:00:00,6204.0311189424,3810.0
2025-07-14 03:00:00,5654.061335137086,3861.0
2025-07-14 04:00:00,4730.77247718439,3723.0
2025-07-14 05:00:00,5029.7169744083,3523.0
2025-07-14 06:00:00,4882.00927407662,3336.0
2025-07-14 07:00:00,4029.823744845435,2967.0
2025-07-14 08:00:00,3424.066953807217,2093.0
2025-07-14 09:00:00,3128.3238874847816,1237.0
2025-07-14 10:00:00,2709.701982855913,916.0
2025-07-14 11:00:00,2418.538056540319,1183.0
2025-07-14 12:00:00,2470.296758845322,1596.0
2025-07-14 13:00:00,3122.8810714285723,1790.0
2025-07-14 14:00:00,3504.135609234845,1846.0
2025-07-14 15:00:00,3668.250679518396,2278.0
2025-07-14 16:00:00,3620.665719856313,2788.0
2025-07-14 17:00:00,4442.59686073909,3426.0
2025-07-14 18:00:00,5003.052787216127,4204.0
2025-07-14 19:00:00,5311.2306484600485,5284.0
2025-07-14 20:00:00,6458.783069510744,6269.0
2025-07-14 21:00:00,6550.103917103727,7044.0
2025-07-14 22:00:00,5263.707976304943,7418.0
2025-07-14 23:00:00,6079.023399052178,7586.0
2025-07-15 00:00:00,5936.458514193829,7714.0
2025-07-15 01:00:00,6435.170802198888,6924.0
2025-07-15 02:00:00,6402.6890342261895,6007.0
2025-07-15 03:00:00,5867.519899513091,5424.0
2025-07-15 04:00:00,5471.231576384124,5098.0
2025-07-15 05:00:00,4513.743811220574,4804.0
2025-07-15 06:00:00,4521.839175072909,4589.0
2025-07-15 07:00:00,4327.758859520367,4472.0
2025-07-15 08:00:00,3556.4215268642693,3899.0
2025-07-15 09:00:00,3052.123960776664,3157.0
2025-07-15 10:00:00,2783.1250567224733,2555.0
2025-07-15 11:00:00,2888.009663667024,2120.0
2025-07-15 12:00:00,2415.902224804434,1776.0
2025-07-15 13:00:00,2327.773999999999,1814.0
2025-07-15 14:00:00,2618.097638736263,2081.0
2025-07-15 15:00:00,3315.2130086059783,2573.0
2025-07-15 16:00:00,4439.9674865143015,3243.0
2025-07-15 17:00:00,5395.157785327598,3955.0
2025-07-15 18:00:00,5584.3327620478485,4620.0
2025-07-15 19:00:00,5780.940439255191,5231.0
2025-07-15 20:00:00,5677.932192669055,5446.0
2025-07-15 21:00:00,6520.097209499346,5414.0
2025-07-15 22:00:00,6670.6488029230295,5965.0
2025-07-15 23:00:00,6232.43167414214,6526.0
2025-07-16 00:00:00,6739.529504655069,6809.0
2025-07-16 01:00:00,6491.575176812774,6684.0
2025-07-16 02:00:00,5952.5189413478565,6166.0
2025-07-16 03:00:00,6192.182846726189,5403.0
2025-07-16 04:00:00,5626.962801405091,4717.0
2025-07-16 05:00:00,5876.779339386167,4017.0
2025-07-16 06:00:00,5116.614654876062,3109.0
2025-07-16 07:00:00,4345.950421595359,2580.0
2025-07-16 08:00:00,4114.001912868986,2026.0
2025-07-16 09:00:00,3372.569990412145,1353.0
2025-07-16 10:00:00,3032.8709112794777,983.0
2025-07-16 11:00:00,3499.269791194198,876.0
2025-07-16 12:00:00,3045.7922088174,888.0
2025-07-16 13:00:00,3320.9056211596203,1031.0
2025-07-16 14:00:00,3365.3452933870194,1155.0
2025-07-16 15:00:00,3505.0243930956667,1447.0
2025-07-16 16:00:00,3790.2796106525584,1847.0
2025-07-16 17:00:00,3746.779554916306,2309.0
2025-07-16 18:00:00,3714.878650782208,2637.0
2025-07-16 19:00:00,5820.133618551589,3116.0
2025-07-16 20:00:00,6363.827568452382,3418.0
2025-07-16 21:00:00,7208.869544642855,3624.0
2025-07-16 22:00:00,7477.154018984485,4051.0
2025-07-16 23:00:00,6965.526707570207,4495.0
2025-07-17 00:00:00,7173.560234974291,4492.0
2025-07-17 01:00:00,5686.145285173161,4288.0
2025-07-17 02:00:00,5788.839687723033,3749.0
2025-07-17 03:00:00,5935.421571242968,3223.0
2025-07-17 04:00:00,5780.608923823705,3186.0
2025-07-17 05:00:00,5667.337296819301,2879.0
2025-07-17 06:00:00,5029.232769298698,2418.0
2025-07-17 07:00:00,4192.477811940028,1806.0
2025-07-17 08:00:00,3949.3559627839454,1358.0
2025-07-17 09:00:00,3067.538026297484,719.0
2025-07-17 10:00:00,3178.680973663904,472.0
2025-07-17 11:00:00,2309.5178993335853,405.0
2025-07-17 12:00:00,2764.699346909923,481.0
2025-07-17 13:00:00,3089.104513012917,1001.0
2025-07-17 14:00:00,3940.554716683654,1645.0
2025-07-17 15:00:00,5045.086877164503,2347.0
2025-07-17 16:00:00,5396.879857774171,2946.0
2025-07-17 17:00:00,6264.829134075316,3299.0
2025-07-17 18:00:00,6315.915914704783,3765.0
2025-07-17 19:00:00,5862.013445559906,4513.0
2025-07-17 20:00:00,6758.126851764827,5222.0
2025-07-17 21:00:00,6297.03203807304,5696.0
2025-07-17 22:00:00,6609.425729555165,6102.0
2025-07-17 23:00:00,7500.130413690474,6751.0
2025-07-18 00:00:00,6940.036433176691,7118.0
2025-07-18 01:00:00,8378.001946924602,6827.0
2025-07-18 02:00:00,8359.767985615073,6508.0
2025-07-18 03:00:00,7461.8673125,6034.0
2025-07-18 04:00:00,5964.3792759575,5814.0
2025-07-18 05:00:00,6272.1789131944415,5641.0
2025-07-18 06:00:00,5416.798275545631,5020.0
2025-07-18 07:00:00,5576.933758680556,4094.0
2025-07-18 08:00:00,4599.359715358237,3094.0
2025-07-18 09:00:00,3558.3352631725907,2429.0
2025-07-18 10:00:00,3452.360712492061,2095.0
2025-07-18 11:00:00,2949.621446759326,1934.0
2025-07-18 12:00:00,3344.6101468110387,1913.0
2025-07-18 13:00:00,3581.6408565846023,2720.0
2025-07-18 14:00:00,4768.654345057718,3807.0
2025-07-18 15:00:00,5409.804362283549,4143.0
2025-07-18 16:00:00,4759.676901809036,5352.0
2025-07-18 17:00:00,6211.906942189754,6095.0
2025-07-18 18:00:00,7335.031803436149,7219.0
2025-07-18 19:00:00,7721.455346861476,7949.0
2025-07-18 20:00:00,8587.094235182713,8859.0
2025-07-18 21:00:00,9062.366825757572,9078.0
2025-07-18 22:00:00,9105.081083333333,9445.0
2025-07-18 23:00:00,9578.67270337302,10027.0
2025-07-19 00:00:00,8662.309197150073,10288.0
2025-07-19 01:00:00,8309.532970238093,10070.0
2025-07-19 02:00:00,7168.3546354166665,9656.0
2025-07-19 03:00:00,6323.799446789322,8961.0
2025-07-19 04:00:00,6024.414919850291,8263.0
2025-07-19 05:00:00,5116.080448663612,7936.0
2025-07-19 06:00:00,5945.692001890264,7393.0
2025-07-19 07:00:00,4561.9291998201525,6945.0
2025-07-19 08:00:00,5458.713353844116,6756.0
2025-07-19 09:00:00,5003.968018383294,6618.0
2025-07-19 10:00:00,3816.8638685523742,5054.0
2025-07-19 11:00:00,3452.992788907158,4665.0
2025-07-19 12:00:00,2860.127800556052,4296.0
2025-07-19 13:00:00,3948.546874549061,3699.0
2025-07-19 14:00:00,5225.581417184475,3534.0
2025-07-19 15:00:00,5794.1528060724,3931.0
2025-07-19 16:00:00,5984.211353985346,4553.0
2025-07-19 17:00:00,5779.879540144417,5296.0
2025-07-19 18:00:00,6903.524108203341,5804.0
2025-07-19 19:00:00,7494.699274440838,6661.0
2025-07-19 20:00:00,8292.714247835502,7238.0
2025-07-19 21:00:00,8682.660218063187,7667.0
2025-07-19 22:00:00,9415.897387400795,8005.0
2025-07-19 23:00:00,9451.973593569628,8503.0
2025-07-20 00:00:00,9018.883095057728,8878.0
2025-07-20 01:00:00,9455.04394345238,9117.0
2025-07-20 02:00:00,9747.60808739177,9248.0
2025-07-20 03:00:00,9580.490222132035,9284.0
2025-07-20 04:00:00,9498.903202471138,8952.0
2025-07-20 05:00:00,8442.173654852091,8551.0
2025-07-20 06:00:00,7612.567962797616,8354.0
2025-07-20 07:00:00,6591.305858225109,7908.0
2025-07-20 08:00:00,5937.134761724388,6571.0
2025-07-20 09:00:00,5246.034528119871,4922.0
2025-07-20 10:00:00,4912.323268838299,3955.0
2025-07-20 11:00:00,5331.085814050741,4016.0
2025-07-20 12:00:00,5431.351318004906,3935.0
2025-07-20 13:00:00,5866.584716488168,4424.0
2025-07-20 14:00:00,6414.733231925083,4780.0
2025-07-20 15:00:00,7492.187900079848,4671.0
2025-07-20 16:00:00,8925.765360615089,4697.0
2025-07-20 17:00:00,10265.220750676404,4910.0
2025-07-20 18:00:00,10260.255813672436,5621.0
2025-07-20 19:00:00,11120.776435037184,7988.0
2025-07-20 20:00:00,11951.136278950207,9824.0
2025-07-20 21:00:00,11287.533999999996,9940.0
2025-07-20 22:00:00,10514.208382936513,9471.0
2025-07-20 23:00:00,9573.851776289684,9434.0
2025-07-21 00:00:00,8838.811366071424,9702.0
2025-07-21 01:00:00,7772.589651785717,9555.0
2025-07-21 02:00:00,6940.838090836245,8994.0
2025-07-21 03:00:00,6010.267184586248,8777.0
2025-07-21 04:00:00,5280.6774044011545,8324.0
2025-07-21 05:00:00,4666.791409106014,7788.0
2025-07-21 06:00:00,4777.298192095025,7274.0
2025-07-21 07:00:00,4620.6668523216495,6675.0
2025-07-21 08:00:00,4032.766147542976,5041.0
2025-07-21 09:00:00,3840.0551110730594,3708.0
2025-07-21 10:00:00,3030.789336216528,2841.0
2025-07-21 11:00:00,2938.623699499968,2249.0
2025-07-21 12:00:00,2652.4727605104813,1997.0
2025-07-21 13:00:00,3308.9541356659847,1899.0
2025-07-21 14:00:00,3710.555180958542,1971.0
2025-07-21 15:00:00,3892.061654016738,2101.0
2025-07-21 16:00:00,4300.161033140469,2122.0
2025-07-21 17:00:00,4299.664937048956,2306.0
2025-07-21 18:00:00,4643.627011855008,2519.0
2025-07-21 19:00:00,5145.764038481665,2780.0
2025-07-21 20:00:00,4525.976511596844,3121.0
2025-07-21 21:00:00,5899.1286669687925,3167.0
2025-07-21 22:00:00,5486.446308035716,3404.0
2025-07-21 23:00:00,5868.414229745992,3756.0
2025-07-22 00:00:00,6012.7712565571055,4487.0
2025-07-22 01:00:00,6149.964816715135,4762.0
2025-07-22 02:00:00,5370.931514508886,4613.0
2025-07-22 03:00:00,5150.779157287156,4321.0
2025-07-22 04:00:00,5353.8745495580815,4007.0
2025-07-22 05:00:00,5182.598225598476,3459.0
2025-07-22 06:00:00,5119.319628472224,2851.0
2025-07-22 07:00:00,4932.207625496033,2464.0
2025-07-22 08:00:00,3643.5624788995697,1996.0
2025-07-22 09:00:00,3072.463971037623,1467.0
2025-07-22 10:00:00,2682.971162999829,1167.0
2025-07-22 11:00:00,2917.3463341925635,1255.0
2025-07-22 12:00:00,2582.090580017204,1450.0
2025-07-22 13:00:00,3034.6773779761907,1771.0
2025-07-22 14:00:00,2746.289833829364,1989.0
2025-07-22 15:00:00,2982.18017937271,2248.0
2025-07-22 16:00:00,3734.136923153236,2598.0
2025-07-22 17:00:00,4054.6440833333354,3034.0
2025-07-22 18:00:00,5451.62993240854,3841.0
2025-07-22 19:00:00,6606.092685103092,4197.0
2025-07-22 20:00:00,6457.156284813603,4567.0
2025-07-22 21:00:00,6658.7187612433845,4685.0
2025-07-22 22:00:00,6853.174446338379,5153.0
2025-07-22 23:00:00,6378.307437595393,5579.0
2025-07-23 00:00:00,6852.405242292431,5811.0
2025-07-23 01:00:00,6484.880117888446,5538.0
2025-07-23 02:00:00,5914.038037186692,5076.0
2025-07-23 03:00:00,5058.213243411,4570.0
2025-07-23 04:00:00,4900.664098452676,3871.0
2025-07-23 05:00:00,4529.295218704908,3204.0
2025-07-23 06:00:00,4589.191183608055,2927.0
2025-07-23 07:00:00,4415.746478305027,3205.0
2025-07-23 08:00:00,3861.850850694179,3332.0
2025-07-23 09:00:00,3641.212712391775,2939.0
2025-07-23 10:00:00,3761.420470238094,3116.0
2025-07-23 11:00:00,3585.5231404220767,3109.0
2025-07-23 12:00:00,4142.084112339052,3559.0
2025-07-23 13:00:00,4221.052547656051,3835.0
2025-07-23 14:00:00,4470.7933159722215,4379.0
2025-07-23 15:00:00,4781.540924873738,5226.0
2025-07-23 16:00:00,5245.803219824291,5859.0
2025-07-23 17:00:00,5135.738412747584,6926.0
2025-07-23 18:00:00,5570.681338423629,7886.0
2025-07-23 19:00:00,5851.276724778694,8999.0
2025-07-23 20:00:00,5558.185954599799,9755.0
2025-07-23 21:00:00,6035.838886589104,9765.0
2025-07-23 22:00:00,6183.279562500003,9647.0
2025-07-23 23:00:00,9824.917753156577,9744.0
2025-07-24 00:00:00,8584.773309523807,9906.0
2025-07-24 01:00:00,8773.256055555554,9789.0
2025-07-24 02:00:00,9196.515578869048,9581.0
2025-07-24 03:00:00,8325.666523809521,9394.0
2025-07-24 04:00:00,6630.586683576838,9214.0
2025-07-24 05:00:00,8287.805644435422,8929.0
2025-07-24 06:00:00,8968.779053273807,8985.0
2025-07-24 07:00:00,6513.30056259019,9089.0
2025-07-24 08:00:00,6034.330439213567,8792.0
2025-07-24 09:00:00,6448.494511408742,8701.0
2025-07-24 10:00:00,5565.775066202892,8831.0
2025-07-24 11:00:00,5170.581204911407,8961.0
2025-07-24 12:00:00,5248.805402777778,8418.0
2025-07-24 13:00:00,6131.376002232503,7989.0
2025-07-24 14:00:00,5445.023249961844,7920.0
2025-07-24 15:00:00,5852.277403907181,8211.0
2025-07-24 16:00:00,5470.289326973446,8351.0
2025-07-24 17:00:00,5847.295532245527,7992.0
2025-07-24 18:00:00,6459.894990869715,8556.0
2025-07-24 19:00:00,6858.289398843801,9906.0
2025-07-24 20:00:00,7244.551638126697,11932.0
2025-07-24 21:00:00,9015.978571428572,12644.0
2025-07-24 22:00:00,9720.374467261903,12560.0
2025-07-24 23:00:00,10486.907828237736,11742.0
2025-07-25 00:00:00,9927.199911886724,11155.0
2025-07-25 01:00:00,9756.55659325396,11060.0
2025-07-25 02:00:00,10385.818692460316,10436.0
2025-07-25 03:00:00,9248.680856150791,10419.0
2025-07-25 04:00:00,8658.445176677486,10026.0
2025-07-25 05:00:00,7530.312836309522,9745.0
2025-07-25 06:00:00,6498.277715773809,9438.0
2025-07-25 07:00:00,5337.957769841268,9062.0
2025-07-25 08:00:00,5192.216564160197,8429.0
2025-07-25 09:00:00,4723.196661399365,6935.0
2025-07-25 10:00:00,4036.22397373248,5635.0
2025-07-25 11:00:00,3649.4061677616055,5450.0
2025-07-25 12:00:00,3484.605742375574,5211.0
2025-07-25 13:00:00,3549.022386615899,5294.0
2025-07-25 14:00:00,3499.5957104770223,5487.0
2025-07-25 15:00:00,3738.2796792270224,5259.0
2025-07-25 16:00:00,4284.090194499466,5248.0
2025-07-25 17:00:00,4395.078645184198,5616.0
2025-07-25 18:00:00,4847.0777844782015,6951.0
2025-07-25 19:00:00,5681.782078373021,8378.0
2025-07-25 20:00:00,5307.026077313823,9626.0
2025-07-25 21:00:00,5818.083258410129,10699.0
2025-07-25 22:00:00,6312.4752976641375,11364.0
2025-07-25 23:00:00,6280.391854662694,11693.0
2025-07-26 00:00:00,6522.120249188313,11842.0
2025-07-26 01:00:00,7244.221171287598,11514.0
2025-07-26 02:00:00,7215.743483630953,11086.0
2025-07-26 03:00:00,7133.008315476192,10287.0
2025-07-26 04:00:00,6219.064957070705,9777.0
2025-07-26 05:00:00,5692.893840470521,9418.0
2025-07-26 06:00:00,4941.287814253722,8975.0
2025-07-26 07:00:00,4383.606528618951,8545.0
2025-07-26 08:00:00,4457.060699304056,7245.0
2025-07-26 09:00:00,3622.709165609388,5890.0
2025-07-26 10:00:00,3410.463310495256,4450.0
2025-07-26 11:00:00,3685.238411892301,3907.0
2025-07-26 12:00:00,2620.767353186218,3551.0
2025-07-26 13:00:00,3225.800242811549,3429.0
2025-07-26 14:00:00,3231.441513710962,3333.0
2025-07-26 15:00:00,3666.940530135708,3501.0
2025-07-26 16:00:00,3818.263828536637,3897.0
2025-07-26 17:00:00,4672.233006383558,4356.0
2025-07-26 18:00:00,5716.050611056196,4989.0
2025-07-26 19:00:00,5402.874775251709,6566.0
2025-07-26 20:00:00,5086.176839420499,7483.0
2025-07-26 21:00:00,5680.421366583326,7849.0
2025-07-26 22:00:00,6815.824171130949,8484.0
2025-07-26 23:00:00,6847.166033653844,8544.0
2025-07-27 00:00:00,6423.738852182543,8387.0
2025-07-27 01:00:00,5960.091215696887,8121.0
2025-07-27 02:00:00,6270.98814211309,7724.0
2025-07-27 03:00:00,5859.455050895987,7017.0
2025-07-27 04:00:00,5640.677988538569,6855.0
2025-07-27 05:00:00,5608.316261267044,6719.0
2025-07-27 06:00:00,5577.381170024929,6631.0
2025-07-27 07:00:00,4379.541319883294,6257.0
2025-07-27 08:00:00,4076.2802579864406,5304.0
2025-07-27 09:00:00,3670.60406206024,3699.0
2025-07-27 10:00:00,3311.018401186732,2569.0
2025-07-27 11:00:00,3612.803328762212,2253.0
2025-07-27 12:00:00,3504.3163163725158,2189.0
2025-07-27 13:00:00,3152.967185472284,2314.0
2025-07-27 14:00:00,3344.1042036743056,2754.0
2025-07-27 15:00:00,3969.120656543956,3287.0
2025-07-27 16:00:00,3975.5826514164855,3629.0
2025-07-27 17:00:00,4760.042820744387,4124.0
2025-07-27 18:00:00,4837.087694341815,4894.0
2025-07-27 19:00:00,6304.783536340294,6158.0
2025-07-27 20:00:00,6682.626460182184,8066.0
2025-07-27 21:00:00,7613.726995265149,8064.0
2025-07-27 22:00:00,7600.897386141633,8353.0
2025-07-27 23:00:00,6623.226803571427,8364.0
2025-07-28 00:00:00,6365.505462797623,8698.0
2025-07-28 01:00:00,5250.682132936507,8626.0
2025-07-28 02:00:00,5811.377779265871,8464.0
2025-07-28 03:00:00,6406.180920274172,8405.0
2025-07-28 04:00:00,5694.769014069266,8170.0
2025-07-28 05:00:00,5161.076531746028,8278.0
2025-07-28 06:00:00,5123.671005671415,8626.0
2025-07-28 07:00:00,4963.899460715368,8506.0
2025-07-28 08:00:00,4526.929621839392,7859.0
2025-07-28 09:00:00,4784.940651948924,7425.0
2025-07-28 10:00:00,5424.060821829213,6525.0
2025-07-28 11:00:00,4905.750642868539,6373.0
2025-07-28 12:00:00,4453.706818708455,6149.0
2025-07-28 13:00:00,4233.317752938104,6366.0
2025-07-28 14:00:00,4248.874341630589,6824.0
2025-07-28 15:00:00,4476.662675272023,6915.0
2025-07-28 16:00:00,5260.925080192393,7026.0
2025-07-28 17:00:00,5738.767829913955,7360.0
2025-07-28 18:00:00,6004.465901804216,8397.0
2025-07-28 19:00:00,5328.363033933595,10021.0
2025-07-28 20:00:00,6912.731664988704,12207.0
2025-07-28 21:00:00,9527.480275477994,13061.0
2025-07-28 22:00:00,8859.71279166666,13102.0
2025-07-28 23:00:00,9356.48185795454,12915.0
2025-07-29 00:00:00,9433.891837797615,12601.0
2025-07-29 01:00:00,8982.89582142857,12367.0
2025-07-29 02:00:00,9142.663660714285,11974.0
2025-07-29 03:00:00,10327.838629058446,11721.0
2025-07-29 04:00:00,8871.68835227273,11663.0
2025-07-29 05:00:00,7994.187969246039,11393.0
2025-07-29 06:00:00,8370.569694444446,11223.0
2025-07-29 07:00:00,7421.890328869042,10702.0
2025-07-29 08:00:00,7703.731882440474,9738.0
2025-07-29 09:00:00,7047.119615936149,8788.0
2025-07-29 10:00:00,6125.532595238099,7743.0
2025-07-29 11:00:00,5802.853123015873,6764.0
2025-07-29 12:00:00,5054.529060020242,6482.0
2025-07-29 13:00:00,5229.44490241703,6332.0
2025-07-29 14:00:00,5402.550201298703,6191.0
2025-07-29 15:00:00,5286.80278645313,6100.0
2025-07-29 16:00:00,6545.442614583331,6161.0
2025-07-29 17:00:00,7432.314728899564,6405.0
2025-07-29 18:00:00,7456.04239355609,7412.0
2025-07-29 19:00:00,7129.172720156918,8446.0
2025-07-29 20:00:00,5577.995385474571,9430.0
2025-07-29 21:00:00,6352.13426295615,10326.0
2025-07-29 22:00:00,6900.73861055072,11172.0
2025-07-29 23:00:00,7185.668682219655,11196.0
2025-07-30 00:00:00,6907.417817051822,10950.0
2025-07-30 01:00:00,6046.941881192544,10688.0
2025-07-30 02:00:00,6876.655057475133,10400.0
2025-07-30 03:00:00,6230.497579521033,9882.0
2025-07-30 04:00:00,5354.28932465334,9523.0
2025-07-30 05:00:00,6373.08827135013,9489.0
2025-07-30 06:00:00,7075.169676205454,9234.0
2025-07-30 07:00:00,5940.830977991426,8989.0
2025-07-30 08:00:00,5049.330077009861,7952.0
2025-07-30 09:00:00,4840.917810741338,7393.0
2025-07-30 10:00:00,4268.449213517388,6544.0
2025-07-30 11:00:00,3173.657693991902,5743.0
2025-07-30 12:00:00,4016.520163351527,5560.0
2025-07-30 13:00:00,3183.123112951886,5350.0
2025-07-30 14:00:00,3293.6469446803194,4912.0
2025-07-30 15:00:00,3424.801594127073,5357.0
2025-07-30 16:00:00,3828.7665237993615,5417.0
2025-07-30 17:00:00,4651.29786506001,6180.0
2025-07-30 18:00:00,5074.125809725145,7233.0
2025-07-30 19:00:00,5602.005286157166,8035.0
2025-07-30 20:00:00,5302.074872831939,9118.0
2025-07-30 21:00:00,5395.5504029902095,9889.0
2025-07-30 22:00:00,6336.934292207793,10378.0
2025-07-30 23:00:00,6883.181954004327,11155.0
2025-07-31 00:00:00,6384.508272591989,11410.0
2025-07-31 01:00:00,6043.761604166663,11332.0
2025-07-31 02:00:00,6856.348247541197,11081.0
2025-07-31 03:00:00,6196.570978236081,10744.0
2025-07-31 04:00:00,5926.130171626982,10249.0
2025-07-31 05:00:00,6399.390429563493,9870.0
2025-07-31 06:00:00,6904.153694774522,9430.0
2025-07-31 07:00:00,5778.642403529903,8651.0
2025-07-31 08:00:00,5993.711211272955,7659.0
2025-07-31 09:00:00,4955.2075526019125,6249.0
2025-07-31 10:00:00,4800.639137804564,4946.0
2025-07-31 11:00:00,3864.23230100278,4360.0
2025-07-31 12:00:00,3903.40917707504,3768.0
2025-07-31 13:00:00,3559.2122224130026,3774.0
2025-07-31 14:00:00,3771.6976712052583,3748.0
2025-07-31 15:00:00,4131.997284261488,3974.0
2025-07-31 16:00:00,3885.80628075397,4283.0
2025-07-31 17:00:00,4302.474716493633,5154.0
2025-07-31 18:00:00,4378.5530357181,5775.0
2025-07-31 19:00:00,4132.450466937242,7099.0
2025-07-31 20:00:00,4589.823617248328,9087.0
2025-07-31 21:00:00,5610.934186943163,10112.0
2025-07-31 22:00:00,5311.615224690285,11116.0
2025-07-31 23:00:00,4627.32368452381,11425.0
2025-08-01 00:00:00,4668.837151785714,11201.0
2025-08-01 01:00:00,6283.973241657647,10718.0
2025-08-01 02:00:00,5916.951765873016,10643.0
2025-08-01 03:00:00,5227.946656746037,10329.0
2025-08-01 04:00:00,5650.101303213971,9582.0
2025-08-01 05:00:00,4592.935013392856,9293.0
2025-08-01 06:00:00,4728.795070561995,8503.0
2025-08-01 07:00:00,4229.442624063437,7566.0
2025-08-01 08:00:00,3968.774794917916,6621.0
2025-08-01 09:00:00,4352.330972260331,5837.0
2025-08-01 10:00:00,4688.476154786012,5497.0
2025-08-01 11:00:00,3262.781799849708,5713.0
2025-08-01 12:00:00,4707.603257350288,5786.0
2025-08-01 13:00:00,3560.971654265873,5940.0
2025-08-01 14:00:00,4105.332710362555,5312.0
2025-08-01 15:00:00,4905.935953012266,5167.0
2025-08-01 16:00:00,4105.01982498353,5342.0
2025-08-01 17:00:00,4429.161668236991,6592.0
2025-08-01 18:00:00,5096.815825622294,7077.0
2025-08-01 19:00:00,4637.140742199682,7488.0
2025-08-01 20:00:00,5132.683696853845,8124.0
2025-08-01 21:00:00,5556.298989531313,8861.0
2025-08-01 22:00:00,5142.161503464532,9713.0
2025-08-01 23:00:00,5666.172820227655,10464.0
2025-08-02 00:00:00,5627.957868928951,10949.0
2025-08-02 01:00:00,5127.101011087142,11256.0
2025-08-02 02:00:00,5982.584175356414,11136.0
2025-08-02 03:00:00,4921.775996446759,10783.0
2025-08-02 04:00:00,4787.149777088508,10217.0
2025-08-02 05:00:00,4716.917366684834,10140.0
2025-08-02 06:00:00,4298.806526084847,10101.0
2025-08-02 07:00:00,4354.958520731643,9741.0
2025-08-02 08:00:00,4854.7112277864935,8896.0
2025-08-02 09:00:00,4027.51366661362,7219.0
2025-08-02 10:00:00,3929.8210828325127,5274.0
2025-08-02 11:00:00,3242.5416379131216,4764.0
2025-08-02 12:00:00,3289.785637189424,4351.0
2025-08-02 13:00:00,3558.3603256549727,4207.0
2025-08-02 14:00:00,3831.9019313897,3866.0
2025-08-02 15:00:00,4129.005661780106,4209.0
2025-08-02 16:00:00,3823.237174627787,4648.0
2025-08-02 17:00:00,4139.620944133131,5316.0
2025-08-02 18:00:00,7151.947850378789,6027.0
2025-08-02 19:00:00,7277.383938446969,8458.0
2025-08-02 20:00:00,6717.0575629734885,10169.0
2025-08-02 21:00:00,7989.176014610386,10806.0
2025-08-02 22:00:00,7223.684032738089,11613.0
2025-08-02 23:00:00,6859.962223710317,11933.0
2025-08-03 00:00:00,6851.659380456353,11656.0
2025-08-03 01:00:00,6132.057101010097,11670.0
2025-08-03 02:00:00,6315.650222858843,11650.0
2025-08-03 03:00:00,6165.387494135156,11045.0
2025-08-03 04:00:00,6105.337334706043,10338.0
2025-08-03 05:00:00,6211.027181794912,9503.0
2025-08-03 06:00:00,5869.486211309524,8895.0
2025-08-03 07:00:00,6186.115010041994,8418.0
2025-08-03 08:00:00,6060.775381849055,7759.0
2025-08-03 09:00:00,4353.476634506223,5618.0
2025-08-03 10:00:00,4113.12037611905,4049.0
2025-08-03 11:00:00,3741.984282450565,3143.0
2025-08-03 12:00:00,3687.173084325396,2636.0
2025-08-03 13:00:00,3152.091967814485,2341.0
2025-08-03 14:00:00,4011.60539765654,2218.0
2025-08-03 15:00:00,3480.2404989506704,2267.0
2025-08-03 16:00:00,3283.983860260308,2851.0
2025-08-03 17:00:00,3862.8885988456,3937.0
2025-08-03 18:00:00,4539.368061549566,4451.0
2025-08-03 19:00:00,5283.245348439755,6121.0
2025-08-03 20:00:00,6150.304050595245,6747.0
2025-08-03 21:00:00,5822.899354166663,7479.0
2025-08-03 22:00:00,5869.1586157557695,8802.0
2025-08-03 23:00:00,6772.478986471859,9398.0
2025-08-04 00:00:00,5779.871174297927,9348.0
2025-08-04 01:00:00,6540.232796098758,8465.0
2025-08-04 02:00:00,5985.398685010452,6822.0
2025-08-04 03:00:00,6029.523188459869,5388.0
2025-08-04 04:00:00,5637.215557314185,4471.0
2025-08-04 05:00:00,5709.366955558188,3983.0
2025-08-04 06:00:00,6035.060712023623,3806.0
2025-08-04 07:00:00,5485.069805014428,3779.0
2025-08-04 08:00:00,4601.94599208604,3495.0
2025-08-04 09:00:00,4609.213536938165,3018.0
2025-08-04 10:00:00,3654.884503776781,2777.0
2025-08-04 11:00:00,3475.528047590701,2393.0
2025-08-04 12:00:00,3101.781238807935,2187.0
2025-08-04 13:00:00,3586.454151287499,2286.0
2025-08-04 14:00:00,3205.289740966999,2541.0
2025-08-04 15:00:00,3769.362695005053,2774.0
2025-08-04 16:00:00,3735.9012026272367,3001.0
2025-08-04 17:00:00,4355.007449961802,3231.0
2025-08-04 18:00:00,5198.1705702571,3539.0
2025-08-04 19:00:00,6488.822094967535,3911.0
2025-08-04 20:00:00,5694.914555690834,4052.0
2025-08-04 21:00:00,4863.353872282931,4274.0
2025-08-04 22:00:00,5513.469967442095,4688.0
2025-08-04 23:00:00,5835.538759326821,4903.0
2025-08-05 00:00:00,5946.494456253203,5187.0
2025-08-05 01:00:00,5776.170413810723,5359.0
2025-08-05 02:00:00,6072.800096951658,5224.0
2025-08-05 03:00:00,5809.870874594153,4968.0
2025-08-05 04:00:00,5156.364191831671,5194.0
2025-08-05 05:00:00,4986.52402718616,5674.0
2025-08-05 06:00:00,5077.806179545454,6211.0
2025-08-05 07:00:00,4132.803227182544,6746.0
2025-08-05 08:00:00,3949.739194726672,6722.0
2025-08-05 09:00:00,3081.200732637148,5915.0
2025-08-05 10:00:00,3228.073096552464,5525.0
2025-08-05 11:00:00,4051.177968318548,4862.0
2025-08-05 12:00:00,3647.190780956758,5185.0
2025-08-05 13:00:00,4229.572374195843,5701.0
2025-08-05 14:00:00,4103.866252976192,5855.0
2025-08-05 15:00:00,3950.6441726190506,6177.0
2025-08-05 16:00:00,4619.407998692279,6555.0
2025-08-05 17:00:00,4675.984611336582,8229.0
2025-08-05 18:00:00,4516.37178009381,9479.0
2025-08-05 19:00:00,5009.567696647104,10282.0
2025-08-05 20:00:00,5320.826851081582,10965.0
2025-08-05 21:00:00,6116.007054563493,11341.0
2025-08-05 22:00:00,5902.396275793655,11930.0
2025-08-05 23:00:00,5786.766805058548,11649.0
2025-08-06 00:00:00,7079.49235006313,11337.0
2025-08-06 01:00:00,6249.919353445168,10833.0
2025-08-06 02:00:00,5995.965870535715,10040.0
2025-08-06 03:00:00,6454.278176232992,8821.0
2025-08-06 04:00:00,5090.235244047613,7494.0
2025-08-06 05:00:00,4651.6119077860985,6641.0
2025-08-06 06:00:00,4801.02030417471,5960.0
2025-08-06 07:00:00,4051.5519611585582,5184.0
2025-08-06 08:00:00,3288.6550127329056,4532.0
2025-08-06 09:00:00,2863.3773027667457,3461.0
2025-08-06 10:00:00,2333.339913690476,2651.0
2025-08-06 11:00:00,2666.826293992355,2223.0
2025-08-06 12:00:00,3433.427278399124,2119.0
2025-08-06 13:00:00,3406.1997607886906,2267.0
2025-08-06 14:00:00,4382.851965638529,2450.0
2025-08-06 15:00:00,4427.682884321153,2579.0
2025-08-06 16:00:00,5002.3691503427135,2775.0
2025-08-06 17:00:00,5026.545111385385,2815.0
2025-08-06 18:00:00,5086.618217456694,2713.0
2025-08-06 19:00:00,5367.349142980392,2712.0
2025-08-06 20:00:00,5298.312243306058,2657.0
2025-08-06 21:00:00,5476.383012806505,2700.0
2025-08-06 22:00:00,5899.744661310252,2825.0
2025-08-06 23:00:00,5638.504602949136,2880.0
2025-08-07 00:00:00,5709.420744953412,2859.0
2025-08-07 01:00:00,6431.170082341273,2760.0
2025-08-07 02:00:00,5608.264717911798,2595.0
2025-08-07 03:00:00,5267.529201365785,2441.0
2025-08-07 04:00:00,5105.071662844965,2375.0
2025-08-07 05:00:00,4614.072132662941,2115.0
2025-08-07 06:00:00,4455.6094647310265,1985.0
2025-08-07 07:00:00,4737.428921356422,1795.0
2025-08-07 08:00:00,3963.1581077863993,1432.0
2025-08-07 09:00:00,2802.9873824577835,910.0
2025-08-07 10:00:00,2818.0166925118224,599.0
2025-08-07 11:00:00,3288.4818601309803,544.0
2025-08-07 12:00:00,3893.6098406385263,730.0
2025-08-07 13:00:00,3423.5431730803907,880.0
2025-08-07 14:00:00,3738.057858807858,1275.0
2025-08-07 15:00:00,4534.646277310045,1652.0
2025-08-07 16:00:00,4309.846570720947,2027.0
2025-08-07 17:00:00,4344.7522852182565,2442.0
2025-08-07 18:00:00,6449.634579004331,3054.0
2025-08-07 19:00:00,7085.993113726553,3518.0
2025-08-07 20:00:00,7018.96953237734,3917.0
2025-08-07 21:00:00,7574.78731263529,4662.0
2025-08-07 22:00:00,6232.198257544905,5346.0
2025-08-07 23:00:00,5765.981448468,5923.0
2025-08-08 00:00:00,7658.300289853357,6135.0
2025-08-08 01:00:00,6823.4342033955645,6040.0
2025-08-08 02:00:00,6717.148691017315,5908.0
2025-08-08 03:00:00,6893.530141865079,5570.0
2025-08-08 04:00:00,5131.452425538004,4953.0
2025-08-08 05:00:00,5042.198818500382,3974.0
2025-08-08 06:00:00,5826.263482142855,3358.0
2025-08-08 07:00:00,4678.540262896824,3145.0
2025-08-08 08:00:00,4190.571464781746,2671.0
2025-08-08 09:00:00,2692.599835497834,2043.0
2025-08-08 10:00:00,2137.610741274349,1689.0
2025-08-08 11:00:00,2233.193509920636,1656.0
2025-08-08 12:00:00,2577.788422231117,1874.0
2025-08-08 13:00:00,2412.93989781746,2204.0
2025-08-08 14:00:00,3669.406273261279,2281.0
2025-08-08 15:00:00,5190.332339397737,2508.0
2025-08-08 16:00:00,4947.551170690728,3140.0
2025-08-08 17:00:00,5190.468125763666,3655.0
2025-08-08 18:00:00,6958.695527587003,4083.0
2025-08-08 19:00:00,6428.215451298698,4751.0
2025-08-08 20:00:00,6961.649280378188,5136.0
2025-08-08 21:00:00,7625.772019901141,5264.0
2025-08-08 22:00:00,6988.41710973107,5368.0
2025-08-08 23:00:00,6025.608940476192,5054.0
2025-08-09 00:00:00,6097.165058531748,5195.0
2025-08-09 01:00:00,5111.7587480158745,5173.0
2025-08-09 02:00:00,5292.670498770019,4548.0
2025-08-09 03:00:00,4481.965215638529,3935.0
2025-08-09 04:00:00,5462.732340909092,3303.0
2025-08-09 05:00:00,4763.0099133632375,2772.0
2025-08-09 06:00:00,4536.9332054715605,2542.0
2025-08-09 07:00:00,4369.737868750003,2322.0
2025-08-09 08:00:00,3937.932348499843,2299.0
2025-08-09 09:00:00,3568.455222651176,2065.0
2025-08-09 10:00:00,2886.775850298068,1815.0
2025-08-09 11:00:00,3231.323647228924,1819.0
2025-08-09 12:00:00,3095.468062867032,1935.0
2025-08-09 13:00:00,2814.0193859126985,1986.0
2025-08-09 14:00:00,2749.861845238096,2162.0
2025-08-09 15:00:00,3173.1106661268677,2538.0
2025-08-09 16:00:00,4280.959114078018,3184.0
2025-08-09 17:00:00,4537.281697140891,4302.0
2025-08-09 18:00:00,5148.850759487094,5443.0
2025-08-09 19:00:00,5788.646492684403,6357.0
2025-08-09 20:00:00,6476.381357317924,7406.0
2025-08-09 21:00:00,5669.30309371841,8092.0
2025-08-09 22:00:00,6941.8835795003615,8583.0
2025-08-09 23:00:00,6420.338985892091,8030.0
2025-08-10 00:00:00,7073.690465520546,7672.0
2025-08-10 01:00:00,7207.861234173899,7378.0
2025-08-10 02:00:00,6724.983788706918,6974.0
2025-08-10 03:00:00,6834.0904174995785,6299.0
2025-08-10 04:00:00,7287.565049078974,5956.0
2025-08-10 05:00:00,5947.760499775659,5487.0
2025-08-10 06:00:00,6257.150300993129,5090.0
2025-08-10 07:00:00,6654.217761160721,4757.0
2025-08-10 08:00:00,5344.138268270971,4297.0
2025-08-10 09:00:00,4802.744800894184,2877.0
2025-08-10 10:00:00,4892.608739877856,2099.0
2025-08-10 11:00:00,4870.178183889539,2063.0
2025-08-10 12:00:00,4482.131681383265,2139.0
2025-08-10 13:00:00,4770.128370874498,2322.0
2025-08-10 14:00:00,5498.241683791698,2389.0
2025-08-10 15:00:00,5756.228419902809,2352.0
2025-08-10 16:00:00,5803.567027777778,2498.0
2025-08-10 17:00:00,5051.135788945368,3406.0
2025-08-10 18:00:00,5887.008593598801,4148.0
2025-08-10 19:00:00,7765.15969597717,4122.0
2025-08-10 20:00:00,7778.978279779529,3926.0
2025-08-10 21:00:00,9883.186775162336,3898.0
2025-08-10 22:00:00,9845.734034425128,4431.0
2025-08-10 23:00:00,9454.296705240433,4577.0
2025-08-11 00:00:00,9044.124337301591,4559.0
2025-08-11 01:00:00,7745.51252628968,4382.0
2025-08-11 02:00:00,7560.005101190476,4141.0
2025-08-11 03:00:00,7608.46248710318,4068.0
2025-08-11 04:00:00,6954.24540859037,3642.0
2025-08-11 05:00:00,6379.495922199618,3174.0
2025-08-11 06:00:00,5575.120861493393,2851.0
2025-08-11 07:00:00,4888.860024161294,2570.0
2025-08-11 08:00:00,4429.297158281664,2569.0
2025-08-11 09:00:00,3880.607676871534,2228.0
2025-08-11 10:00:00,4108.157828502172,1845.0
2025-08-11 11:00:00,4272.005682731293,1657.0
2025-08-11 12:00:00,3302.228232898171,1581.0
2025-08-11 13:00:00,3189.751285169694,1998.0
2025-08-11 14:00:00,3592.737122789398,2343.0
2025-08-11 15:00:00,3238.240250284437,2560.0
2025-08-11 16:00:00,3368.8396247294354,2557.0
2025-08-11 17:00:00,4027.814996431619,2937.0
2025-08-11 18:00:00,4827.001424761645,3150.0
2025-08-11 19:00:00,5113.190210839785,3122.0
2025-08-11 20:00:00,5389.854420183983,3411.0
2025-08-11 21:00:00,5195.623951388892,3878.0
2025-08-11 22:00:00,5957.348935217559,4791.0
2025-08-11 23:00:00,5711.897577863955,4516.0
2025-08-12 00:00:00,5926.0391424062045,4284.0
2025-08-12 01:00:00,5691.368887310607,4173.0
2025-08-12 02:00:00,5539.494835482806,4083.0
2025-08-12 03:00:00,5738.634887400794,3172.0
2025-08-12 04:00:00,4708.0843477332855,2790.0
2025-08-12 05:00:00,4760.743013008318,2133.0
2025-08-12 06:00:00,4558.896848416605,2094.0
2025-08-12 07:00:00,4578.743136143771,2087.0
2025-08-12 08:00:00,3594.4285384968507,2104.0
2025-08-12 09:00:00,3609.708783018669,1889.0
2025-08-12 10:00:00,3238.213631672262,1628.0
2025-08-12 11:00:00,2951.012013197384,1682.0
2025-08-12 12:00:00,3100.4364199041224,1950.0
2025-08-12 13:00:00,3143.790877879769,2458.0
2025-08-12 14:00:00,3082.717684479628,3020.0
2025-08-12 15:00:00,3611.3360763173887,3650.0
2025-08-12 16:00:00,3904.45921967391,4804.0
2025-08-12 17:00:00,4339.459775884941,6511.0
2025-08-12 18:00:00,4728.191246753249,7798.0
2025-08-12 19:00:00,5176.212601482896,7007.0
2025-08-12 20:00:00,4737.235686286445,6843.0
2025-08-12 21:00:00,5339.793128517316,6853.0
2025-08-12 22:00:00,5491.872226049891,5747.0
2025-08-12 23:00:00,6327.871373737377,5320.0
2025-08-13 00:00:00,6398.078749038004,4848.0
2025-08-13 01:00:00,6780.674785714282,4877.0
2025-08-13 02:00:00,5469.005410828756,4068.0
2025-08-13 03:00:00,5709.22209911616,3232.0
2025-08-13 04:00:00,5426.010662571223,2814.0
2025-08-13 05:00:00,4775.395657356532,2918.0
2025-08-13 06:00:00,6038.114923115076,2855.0
2025-08-13 07:00:00,4668.828380794532,2788.0
2025-08-13 08:00:00,4212.886504464291,2715.0
2025-08-13 09:00:00,3264.2207276092377,2407.0
2025-08-13 10:00:00,2765.851159114673,2112.0
2025-08-13 11:00:00,3029.993684941994,2110.0
2025-08-13 12:00:00,3126.543050482301,2189.0
2025-08-13 13:00:00,3342.799198185496,2506.0
2025-08-13 14:00:00,3434.727202639938,2958.0
2025-08-13 15:00:00,3523.462805897416,3889.0
2025-08-13 16:00:00,4173.8458166590335,4722.0
2025-08-13 17:00:00,4532.06003760639,5242.0
2025-08-13 18:00:00,4532.231301751762,5226.0
2025-08-13 19:00:00,4635.455339578657,5590.0
2025-08-13 20:00:00,5788.858731581451,4679.0
2025-08-13 21:00:00,5409.551030242021,4306.0
2025-08-13 22:00:00,5499.550993469119,4563.0
2025-08-13 23:00:00,5802.489860522636,5091.0
2025-08-14 00:00:00,5884.530305877497,5095.0
2025-08-14 01:00:00,5935.887870535716,4722.0
2025-08-14 02:00:00,6470.364083423517,4250.0
2025-08-14 03:00:00,6216.212507440473,4113.0
2025-08-14 04:00:00,6017.557511592578,4509.0
2025-08-14 05:00:00,5524.688062003971,4815.0
2025-08-14 06:00:00,5166.57378690906,4822.0
2025-08-14 07:00:00,4760.88071686024,4861.0
2025-08-14 08:00:00,4452.920398356581,4521.0
2025-08-14 09:00:00,4649.681422162249,4030.0
2025-08-14 10:00:00,4588.910946124585,3640.0
2025-08-14 11:00:00,4329.164610185583,3514.0
2025-08-14 12:00:00,3940.438306285528,3104.0
2025-08-14 13:00:00,4248.6224967757935,2961.0
2025-08-14 14:00:00,3702.443776668231,2978.0
2025-08-14 15:00:00,4025.0351349206335,3108.0
2025-08-14 16:00:00,4360.587374890012,3536.0
2025-08-14 17:00:00,4094.649788961037,3894.0
2025-08-14 18:00:00,4673.809929531663,4096.0
2025-08-14 19:00:00,4915.706219354274,4064.0
2025-08-14 20:00:00,5164.780092580008,4139.0
2025-08-14 21:00:00,5238.073701151033,4418.0
2025-08-14 22:00:00,7741.196827380954,5205.0
2025-08-14 23:00:00,7999.035666260819,5826.0
2025-08-15 00:00:00,7864.512985119047,5635.0
2025-08-15 01:00:00,6853.694704365078,5590.0
2025-08-15 02:00:00,6812.341117965361,5632.0
2025-08-15 03:00:00,5810.614007326007,5592.0
2025-08-15 04:00:00,6551.311922934708,5164.0
2025-08-15 05:00:00,5754.830160263345,4864.0
2025-08-15 06:00:00,5559.527321789319,4457.0
2025-08-15 07:00:00,4663.603616773808,4112.0
2025-08-15 08:00:00,4682.128856759365,4180.0
2025-08-15 09:00:00,4394.49483757215,3550.0
2025-08-15 10:00:00,3567.483038232601,2818.0
2025-08-15 11:00:00,3398.186254611933,2606.0
2025-08-15 12:00:00,3010.228523303449,2719.0
2025-08-15 13:00:00,3572.3070090744627,2685.0
2025-08-15 14:00:00,4208.858151729194,2702.0
2025-08-15 15:00:00,3236.6135826118348,3019.0
2025-08-15 16:00:00,3970.697633137696,3172.0
2025-08-15 17:00:00,4435.582478861418,3047.0
2025-08-15 18:00:00,5018.983366293432,2888.0
2025-08-15 19:00:00,6138.059523393276,2791.0
2025-08-15 20:00:00,6912.21206130328,2866.0
2025-08-15 21:00:00,7059.41852146464,3132.0
2025-08-15 22:00:00,7057.148561507926,3164.0
2025-08-15 23:00:00,6754.991867559523,3005.0
2025-08-16 00:00:00,5273.162485930737,2704.0
2025-08-16 01:00:00,4969.230379960318,2593.0
2025-08-16 02:00:00,4656.733479031384,2481.0
2025-08-16 03:00:00,4155.148565070348,2415.0
2025-08-16 04:00:00,4330.194407034633,2158.0
2025-08-16 05:00:00,4389.792202946662,1812.0
2025-08-16 06:00:00,4413.743509199132,1533.0
2025-08-16 07:00:00,3735.128184639899,1334.0
2025-08-16 08:00:00,4420.391618055558,1445.0
2025-08-16 09:00:00,3116.3161415043287,1405.0
2025-08-16 10:00:00,3386.393346955131,1199.0
2025-08-16 11:00:00,3321.5155848214285,1146.0
2025-08-16 12:00:00,2735.0414335430382,1206.0
2025-08-16 13:00:00,3397.3678897615896,1473.0
2025-08-16 14:00:00,3767.576501352816,1826.0
2025-08-16 15:00:00,3702.23158004386,2053.0
2025-08-16 16:00:00,4295.596841089466,2228.0
2025-08-16 17:00:00,6000.942401424964,2434.0
2025-08-16 18:00:00,6781.489886228356,2657.0
2025-08-16 19:00:00,6905.498702380951,2394.0
2025-08-16 20:00:00,7615.320229797981,2242.0
2025-08-16 21:00:00,6923.282642857139,2316.0
2025-08-16 22:00:00,6532.663829861111,2573.0
2025-08-16 23:00:00,6629.23394444444,2461.0
2025-08-17 00:00:00,5991.061506403319,2070.0
2025-08-17 01:00:00,4960.522188988096,1931.0
2025-08-17 02:00:00,5353.756977954201,1667.0
2025-08-17 03:00:00,5825.206625992068,1342.0
2025-08-17 04:00:00,5881.218473394663,1240.0
2025-08-17 05:00:00,4994.702359352453,1277.0
2025-08-17 06:00:00,5313.070733966009,1434.0
2025-08-17 07:00:00,4915.26512277939,1377.0
2025-08-17 08:00:00,4433.50635283509,1156.0
2025-08-17 09:00:00,3744.054498266564,1054.0
2025-08-17 10:00:00,3488.8989223889525,710.0
2025-08-17 11:00:00,3967.735524261988,537.0
2025-08-17 12:00:00,3954.893204048513,627.0
2025-08-17 13:00:00,3848.750770601984,778.0
2025-08-17 14:00:00,4523.45915029762,1212.0
2025-08-17 15:00:00,5619.236634469695,1567.0
2025-08-17 16:00:00,5368.904009514796,2510.0
2025-08-17 17:00:00,6501.489723439747,3280.0
2025-08-17 18:00:00,6838.433338789684,3451.0
2025-08-17 19:00:00,6364.734505629383,4299.0
2025-08-17 20:00:00,6439.867040174672,4454.0
2025-08-17 21:00:00,8239.416233630956,4109.0
2025-08-17 22:00:00,8263.48079464286,3744.0
2025-08-17 23:00:00,7136.311383748195,3089.0
2025-08-18 00:00:00,5739.877609623021,2334.0
2025-08-18 01:00:00,5209.43317496393,2133.0
2025-08-18 02:00:00,5190.198259157511,1993.0
2025-08-18 03:00:00,5010.162272321428,2827.0
2025-08-18 04:00:00,5165.50068225331,3091.0
2025-08-18 05:00:00,4634.5880626942535,2957.0
2025-08-18 06:00:00,4254.378243919295,2673.0
2025-08-18 07:00:00,4388.94899382215,2716.0
2025-08-18 08:00:00,4288.455299648268,2683.0
2025-08-18 09:00:00,4235.868999880672,2511.0
2025-08-18 10:00:00,4371.046440934065,2289.0
2025-08-18 11:00:00,3747.4428018578647,2058.0
2025-08-18 12:00:00,4009.823986042143,2103.0
2025-08-18 13:00:00,5658.303584084696,2966.0
2025-08-18 14:00:00,5443.321406044789,4294.0
2025-08-18 15:00:00,5718.812104234885,5774.0
2025-08-18 16:00:00,6036.209444966582,6569.0
2025-08-18 17:00:00,6547.303512061399,7342.0
2025-08-18 18:00:00,6379.613183937593,7148.0
2025-08-18 19:00:00,6164.072631628788,6495.0
2025-08-18 20:00:00,6025.948221831408,7684.0
2025-08-18 21:00:00,6158.070306547616,7880.0
2025-08-18 22:00:00,6812.086561507936,7204.0
2025-08-18 23:00:00,5947.665514880955,6630.0
2025-08-19 00:00:00,5667.192576433984,6336.0
2025-08-19 01:00:00,6133.340525613275,6665.0
2025-08-19 02:00:00,5489.758734781661,6645.0
2025-08-19 03:00:00,5422.518632816973,6225.0
2025-08-19 04:00:00,5597.723846274585,6013.0
2025-08-19 05:00:00,4474.187064054261,5928.0
2025-08-19 06:00:00,4771.789150596867,5304.0
2025-08-19 07:00:00,5356.046532405217,5326.0
2025-08-19 08:00:00,4494.982747068439,4746.0
2025-08-19 09:00:00,3591.165850110678,4090.0
2025-08-19 10:00:00,3673.4391092661863,3439.0
2025-08-19 11:00:00,3023.7895350125445,2864.0
2025-08-19 12:00:00,3310.590382234767,2770.0
2025-08-19 13:00:00,3111.908992773532,2820.0
2025-08-19 14:00:00,3479.7110574696526,3249.0
2025-08-19 15:00:00,4936.253315518631,3725.0
2025-08-19 16:00:00,5906.103385497322,4533.0
2025-08-19 17:00:00,6215.991730726715,5676.0
2025-08-19 18:00:00,5603.683874138569,6535.0
2025-08-19 19:00:00,5894.053456365473,8163.0
2025-08-19 20:00:00,5772.532589285714,9100.0
2025-08-19 21:00:00,6056.305662416338,9649.0
2025-08-19 22:00:00,5702.411968073593,9179.0
2025-08-19 23:00:00,5170.215745481258,8885.0
2025-08-20 00:00:00,6198.690006899349,8639.0
2025-08-20 01:00:00,6938.215862919369,8729.0
2025-08-20 02:00:00,7170.809105601824,8304.0
2025-08-20 03:00:00,8005.935461038965,7602.0
2025-08-20 04:00:00,7040.267474206348,7412.0
2025-08-20 05:00:00,6687.651437500004,7199.0
2025-08-20 06:00:00,6084.721532738097,6294.0
2025-08-20 07:00:00,6034.899941468254,5801.0
2025-08-20 08:00:00,5624.988433601123,5534.0
2025-08-20 09:00:00,4441.658967708321,5196.0
2025-08-20 10:00:00,3867.046646824988,4797.0
2025-08-20 11:00:00,3549.2986085474213,4229.0
2025-08-20 12:00:00,3385.565003339293,3942.0
2025-08-20 13:00:00,3692.7463057359296,3787.0
2025-08-20 14:00:00,3717.241467806684,4056.0
2025-08-20 15:00:00,4097.628593892593,4359.0
2025-08-20 16:00:00,4786.767038301975,4879.0
2025-08-20 17:00:00,4838.426088773767,5496.0
2025-08-20 18:00:00,5120.410281250003,6298.0
2025-08-20 19:00:00,6703.219005817104,7475.0
2025-08-20 20:00:00,5831.176769960943,8602.0
2025-08-20 21:00:00,6208.718865327382,8199.0
2025-08-20 22:00:00,6758.978738591271,8003.0
2025-08-20 23:00:00,6829.560859272995,7227.0
2025-08-21 00:00:00,5843.118045328585,6429.0
2025-08-21 01:00:00,5717.288702053777,6006.0
2025-08-21 02:00:00,5155.674254554971,5852.0
2025-08-21 03:00:00,4605.364840683674,5408.0
2025-08-21 04:00:00,5260.491753476272,4972.0
2025-08-21 05:00:00,4900.815054507387,4851.0
2025-08-21 06:00:00,4444.2284565323525,4720.0
2025-08-21 07:00:00,3803.191518077806,4496.0
2025-08-21 08:00:00,3304.420275406783,4350.0
2025-08-21 09:00:00,3481.1697698508588,4204.0
2025-08-21 10:00:00,3301.521070932539,4894.0
2025-08-21 11:00:00,3093.3054983127686,4942.0
2025-08-21 12:00:00,3265.879085064984,4812.0
2025-08-21 13:00:00,3610.935012372389,4543.0
2025-08-21 14:00:00,3390.3745149546016,4456.0
2025-08-21 15:00:00,3446.0642400420243,4647.0
2025-08-21 16:00:00,3995.696776154401,5214.0
2025-08-21 17:00:00,4509.674146325898,5383.0
2025-08-21 18:00:00,5403.465773219841,6290.0
2025-08-21 19:00:00,5426.302931318683,7263.0
2025-08-21 20:00:00,5231.694412698413,8147.0
2025-08-21 21:00:00,5549.436301868077,8434.0
2025-08-21 22:00:00,8187.73542410714,8075.0
2025-08-21 23:00:00,8529.007892857142,7996.0
2025-08-22 00:00:00,8332.561748241334,8306.0
2025-08-22 01:00:00,9263.21954464286,8292.0
2025-08-22 02:00:00,7720.065139880953,8037.0
2025-08-22 03:00:00,6078.863549603176,7514.0
2025-08-22 04:00:00,6460.77434907107,7076.0
2025-08-22 05:00:00,6297.274580380222,6814.0
2025-08-22 06:00:00,5395.41579613095,6754.0
2025-08-22 07:00:00,5808.574865327382,6475.0
2025-08-22 08:00:00,5093.539056724435,6211.0
2025-08-22 09:00:00,3932.599308595916,5800.0
2025-08-22 10:00:00,3395.763090777279,5609.0
2025-08-22 11:00:00,3654.4689828958494,4748.0
2025-08-22 12:00:00,3562.3454088596486,3849.0
2025-08-22 13:00:00,4165.606759108696,3575.0
2025-08-22 14:00:00,3840.4872546215606,3836.0
2025-08-22 15:00:00,3688.067231231756,4532.0
2025-08-22 16:00:00,3848.378785575345,4803.0
2025-08-22 17:00:00,4217.632744588746,4949.0
2025-08-22 18:00:00,4870.991376984131,5724.0
2025-08-22 19:00:00,5542.767489087301,6452.0
2025-08-22 20:00:00,5717.059907091748,7093.0
2025-08-22 21:00:00,6167.850729921816,7127.0
2025-08-22 22:00:00,6280.918413329724,7221.0
2025-08-22 23:00:00,6203.027991758239,7524.0
2025-08-23 00:00:00,6660.017174603174,7186.0
2025-08-23 01:00:00,6549.183458333333,6818.0
2025-08-23 02:00:00,6327.290492514427,6537.0
2025-08-23 03:00:00,6080.597679449938,6094.0
2025-08-23 04:00:00,5674.9903845437,5324.0
2025-08-23 05:00:00,4734.811135881018,4583.0
2025-08-23 06:00:00,4920.225572657037,4031.0
2025-08-23 07:00:00,4405.8373429910025,3422.0
2025-08-23 08:00:00,4266.505338979419,2855.0
2025-08-23 09:00:00,4134.741487810499,1944.0
2025-08-23 10:00:00,3444.1245061050745,1442.0
2025-08-23 11:00:00,3606.32018212344,1025.0
2025-08-23 12:00:00,2981.801090782171,863.0
2025-08-23 13:00:00,3376.6401743148617,833.0
2025-08-23 14:00:00,3807.017702148077,830.0
2025-08-23 15:00:00,3427.794678767694,914.0
2025-08-23 16:00:00,3473.873507818869,1159.0
2025-08-23 17:00:00,4231.607347992504,1509.0
2025-08-23 18:00:00,4612.4804580602695,1737.0
2025-08-23 19:00:00,4439.877270731633,1889.0
2025-08-23 20:00:00,4930.492103943633,2110.0
2025-08-23 21:00:00,5279.831574751422,2235.0
2025-08-23 22:00:00,5622.279224478586,2217.0
2025-08-23 23:00:00,6009.329900697823,2188.0
2025-08-24 00:00:00,5845.146189141245,1983.0
2025-08-24 01:00:00,6464.32159131916,2044.0
2025-08-24 02:00:00,6263.803057617677,2104.0
2025-08-24 03:00:00,5546.133249241782,1875.0
2025-08-24 04:00:00,5354.424057836968,1456.0
2025-08-24 05:00:00,4784.0362911632365,1187.0
2025-08-24 06:00:00,4152.234118709417,1160.0
2025-08-24 07:00:00,3670.515895833336,1156.0
2025-08-24 08:00:00,3225.7447889957284,1154.0
2025-08-24 09:00:00,2916.6130377546333,995.0
2025-08-24 10:00:00,2471.2602887332982,713.0
2025-08-24 11:00:00,2839.2710249804963,794.0
2025-08-24 12:00:00,2712.374632485365,832.0
2025-08-24 13:00:00,3334.7306944444445,1058.0
2025-08-24 14:00:00,3284.010807584777,1316.0
2025-08-24 15:00:00,3893.5075709325374,1593.0
2025-08-24 16:00:00,4281.91156769708,1843.0
2025-08-24 17:00:00,4713.354254513095,2770.0
2025-08-24 18:00:00,4673.578683040204,3051.0
2025-08-24 19:00:00,4924.893568050336,3235.0
2025-08-24 20:00:00,5789.612071659675,3262.0
2025-08-24 21:00:00,5334.60805475171,3102.0
2025-08-24 22:00:00,4803.660868269148,3269.0
2025-08-24 23:00:00,4747.900815363498,3670.0
2025-08-25 00:00:00,5399.332578373014,3868.0
2025-08-25 01:00:00,4333.708100503663,4069.0
2025-08-25 02:00:00,4093.981622339465,3794.0
2025-08-25 03:00:00,4211.526246628368,3358.0
2025-08-25 04:00:00,4159.304252587992,3030.0
2025-08-25 05:00:00,3909.6650002986153,2668.0
2025-08-25 06:00:00,3936.227240710681,2484.0
2025-08-25 07:00:00,3975.127908504689,2406.0
2025-08-25 08:00:00,3641.8534084929256,2294.0
2025-08-25 09:00:00,3801.6628667929294,1759.0
2025-08-25 10:00:00,3176.3920223214286,1213.0
2025-08-25 11:00:00,2871.392885483121,1227.0
2025-08-25 12:00:00,2850.387200252849,1037.0
2025-08-25 13:00:00,2959.6790457275574,1493.0
2025-08-25 14:00:00,3242.6874449790644,2137.0
2025-08-25 15:00:00,4011.7029603469455,3025.0
2025-08-25 16:00:00,5764.141273633896,3955.0
2025-08-25 17:00:00,6331.487785106245,4677.0
2025-08-25 18:00:00,7295.705568452381,5205.0
2025-08-25 19:00:00,7741.029778769846,5682.0
2025-08-25 20:00:00,7883.868521599091,5539.0
2025-08-25 21:00:00,7746.403952380949,5390.0
2025-08-25 22:00:00,8023.839746358081,5084.0
2025-08-25 23:00:00,9297.295450351732,5002.0
2025-08-26 00:00:00,9411.061222312404,4960.0
2025-08-26 01:00:00,7965.830468253967,4812.0
2025-08-26 02:00:00,6646.7324527417,4406.0
2025-08-26 03:00:00,6828.453401785709,3695.0
2025-08-26 04:00:00,7367.333867649711,2934.0
2025-08-26 05:00:00,6958.433038690473,2587.0
2025-08-26 06:00:00,6535.695072115381,2274.0
2025-08-26 07:00:00,5499.635911368146,1884.0
2025-08-26 08:00:00,4515.856969514057,1736.0
2025-08-26 09:00:00,4162.897019608893,1366.0
2025-08-26 10:00:00,3388.702871570108,946.0
2025-08-26 11:00:00,3709.5314538191496,909.0
2025-08-26 12:00:00,3291.9527568210437,1052.0
2025-08-26 13:00:00,3638.3157768155697,1349.0
2025-08-26 14:00:00,3656.965208686964,2333.0
2025-08-26 15:00:00,4418.289280540336,3515.0
2025-08-26 16:00:00,5016.245166580141,4332.0
2025-08-26 17:00:00,5100.620385835975,4745.0
2025-08-26 18:00:00,5341.836140982686,4983.0
2025-08-26 19:00:00,5691.252491383975,5477.0
2025-08-26 20:00:00,5615.55312508565,5433.0
2025-08-26 21:00:00,5526.704539718713,4581.0
2025-08-26 22:00:00,5275.979813618157,4229.0
2025-08-26 23:00:00,5538.517836728549,4176.0
2025-08-27 00:00:00,6026.598561733404,3839.0
2025-08-27 01:00:00,5114.224097763347,3085.0
2025-08-27 02:00:00,5265.570469533206,2697.0
2025-08-27 03:00:00,4916.68379261364,2526.0
2025-08-27 04:00:00,4912.144687439653,2473.0
2025-08-27 05:00:00,4603.780412080158,2422.0
2025-08-27 06:00:00,4298.486452014913,2214.0
2025-08-27 07:00:00,4590.229878336529,2098.0
2025-08-27 08:00:00,4546.519630577905,2121.0
2025-08-27 09:00:00,3911.069530017992,2004.0
2025-08-27 10:00:00,3632.102278900441,1951.0
2025-08-27 11:00:00,4689.937928717118,2017.0
2025-08-27 12:00:00,4996.129980156995,2318.0
2025-08-27 13:00:00,5566.1682780136525,2935.0
2025-08-27 14:00:00,6266.776486263732,3688.0
2025-08-27 15:00:00,7006.150596759444,4896.0
2025-08-27 16:00:00,7476.779452313922,5991.0
2025-08-27 17:00:00,7797.928595508662,6327.0
2025-08-27 18:00:00,8705.890271239175,6992.0
2025-08-27 19:00:00,9424.347525793646,7007.0
2025-08-27 20:00:00,9707.237585137083,7102.0
2025-08-27 21:00:00,9266.19125428391,6671.0
2025-08-27 22:00:00,9620.26376213023,6073.0
2025-08-27 23:00:00,9384.734130952384,5690.0
2025-08-28 00:00:00,8620.315318452376,6031.0
2025-08-28 01:00:00,7803.169305798368,6641.0
2025-08-28 02:00:00,7688.3789047618975,7242.0
2025-08-28 03:00:00,6462.3160236177055,7413.0
2025-08-28 04:00:00,6244.371390433181,7935.0
2025-08-28 05:00:00,5454.638203929317,8303.0
2025-08-28 06:00:00,5529.6724995671,8681.0
2025-08-28 07:00:00,5506.702153506214,8771.0
2025-08-28 08:00:00,6643.209388135559,8983.0
2025-08-28 09:00:00,6283.23361453824,8479.0
2025-08-28 10:00:00,6259.676710272372,6825.0
2025-08-28 11:00:00,6487.957635058543,5391.0
2025-08-28 12:00:00,6421.872090330997,4813.0
2025-08-28 13:00:00,6129.248142206242,5019.0
2025-08-28 14:00:00,6234.154003615149,4762.0
2025-08-28 15:00:00,5638.088540584414,5106.0
2025-08-28 16:00:00,5076.847576152534,5308.0
2025-08-28 17:00:00,5743.261607729078,5643.0
2025-08-28 18:00:00,5961.647021250896,7234.0
2025-08-28 19:00:00,6336.628752639793,9491.0
2025-08-28 20:00:00,6018.351129772535,11361.0
2025-08-28 21:00:00,5037.284100482852,10627.0
2025-08-28 22:00:00,5903.855186993151,9747.0
2025-08-28 23:00:00,5367.026875049474,8908.0
2025-08-29 00:00:00,5066.479787038447,8251.0
2025-08-29 01:00:00,4779.298400793652,8098.0
2025-08-29 02:00:00,4748.124416444665,7895.0
2025-08-29 03:00:00,4978.555673115078,7655.0
2025-08-29 04:00:00,5018.619321924606,8062.0
2025-08-29 05:00:00,4501.273167658734,8156.0
2025-08-29 06:00:00,3969.369688988092,8442.0
2025-08-29 07:00:00,4067.51455992965,8287.0
2025-08-29 08:00:00,4219.338374278499,7903.0
2025-08-29 09:00:00,3390.820292334979,7518.0
2025-08-29 10:00:00,3009.335562340438,6754.0
2025-08-29 11:00:00,3391.936118146797,5801.0
2025-08-29 12:00:00,3677.045044958513,5256.0
2025-08-29 13:00:00,5027.882814213565,4910.0
2025-08-29 14:00:00,4803.373716450218,5387.0
2025-08-29 15:00:00,4623.798429456655,5158.0
2025-08-29 16:00:00,6104.7034762490375,5375.0
2025-08-29 17:00:00,6017.467351831792,6025.0
2025-08-29 18:00:00,5940.4885020509,7187.0
2025-08-29 19:00:00,6237.542476469162,9499.0
2025-08-29 20:00:00,6291.001260846245,9790.0
2025-08-29 21:00:00,7520.021131854264,8058.0
2025-08-29 22:00:00,6517.699775793648,7440.0
2025-08-29 23:00:00,6894.496483134922,6711.0
2025-08-30 00:00:00,7122.479981150791,6031.0
2025-08-30 01:00:00,6107.812383477632,5843.0
2025-08-30 02:00:00,6260.281652281748,5458.0
2025-08-30 03:00:00,5663.255243838765,5480.0
2025-08-30 04:00:00,4639.214680372077,5395.0
2025-08-30 05:00:00,5251.6174956730765,5088.0
2025-08-30 06:00:00,5013.476803873211,5072.0
2025-08-30 07:00:00,5010.255505722515,5030.0
2025-08-30 08:00:00,4054.15402553777,4826.0
2025-08-30 09:00:00,3645.282399224167,4325.0
2025-08-30 10:00:00,2551.0341365138024,3786.0
2025-08-30 11:00:00,2420.442677319533,3388.0
2025-08-30 12:00:00,3071.356715600372,3337.0
2025-08-30 13:00:00,4417.33780762987,3609.0
2025-08-30 14:00:00,5326.220189954051,3890.0
2025-08-30 15:00:00,5519.551108698588,3655.0
2025-08-30 16:00:00,5553.612538239536,3661.0
2025-08-30 17:00:00,6283.705511102248,3883.0
2025-08-30 18:00:00,5644.7790444508455,4886.0
2025-08-30 19:00:00,6359.0072391541935,4814.0
2025-08-30 20:00:00,7166.254910105784,5091.0
2025-08-30 21:00:00,6315.618782842154,4483.0
2025-08-30 22:00:00,6508.52853245712,4750.0
2025-08-30 23:00:00,6775.363587880032,4510.0
2025-08-31 00:00:00,6911.01028216126,4067.0
2025-08-31 01:00:00,6871.99197115488,3665.0
2025-08-31 02:00:00,6363.269022359587,3646.0
2025-08-31 03:00:00,5394.327365882039,3578.0
2025-08-31 04:00:00,4675.513769805773,3830.0
2025-08-31 05:00:00,4484.016483829382,3968.0
2025-08-31 06:00:00,4586.362863303708,4182.0
2025-08-31 07:00:00,5777.631185021,4455.0
2025-08-31 08:00:00,5121.291976675895,4280.0
2025-08-31 09:00:00,4631.430388275613,3695.0
2025-08-31 10:00:00,4811.765784214661,3153.0
2025-08-31 11:00:00,4948.2019446988215,3400.0
2025-08-31 12:00:00,5628.216773619347,3924.0
2025-08-31 13:00:00,6568.487763654013,3866.0
2025-08-31 14:00:00,7687.151682900432,3956.0
2025-08-31 15:00:00,8093.403655573597,4633.0
2025-08-31 16:00:00,9480.60831637806,4810.0
2025-08-31 17:00:00,10749.429187291877,5812.0
2025-08-31 18:00:00,11170.2401813395,7065.0
2025-08-31 19:00:00,12420.075523684643,10750.0
2025-08-31 20:00:00,12820.656198908728,13298.0
2025-08-31 21:00:00,12886.76435972222,13183.0
2025-08-31 22:00:00,10044.866214285716,12872.0
2025-08-31 23:00:00,9190.714714285716,12551.0
