Timestamp,Forecast_Generation_MWh
2025-06-01 00:00:00,2782.924194472527
2025-06-01 01:00:00,2804.5299960897983
2025-06-01 02:00:00,2076.3093063663123
2025-06-01 03:00:00,2042.6956726308351
2025-06-01 04:00:00,1934.4098233507043
2025-06-01 05:00:00,2416.9198903820984
2025-06-01 06:00:00,1927.8807360971985
2025-06-01 07:00:00,2246.207865481889
2025-06-01 08:00:00,1931.4890884714116
2025-06-01 09:00:00,1177.3980908483709
2025-06-01 10:00:00,1479.273431072773
2025-06-01 11:00:00,1753.686026406817
2025-06-01 12:00:00,2132.927137258471
2025-06-01 13:00:00,2715.5257848608376
2025-06-01 14:00:00,2911.4496372074314
2025-06-01 15:00:00,4787.610604181146
2025-06-01 16:00:00,3946.2511905029637
2025-06-01 17:00:00,4346.0881069342895
2025-06-01 18:00:00,4961.973723124742
2025-06-01 19:00:00,5317.368163013424
2025-06-01 20:00:00,4157.08631842579
2025-06-01 21:00:00,4295.60460353872
2025-06-01 22:00:00,4874.520417411803
2025-06-01 23:00:00,4792.131423648447
2025-06-02 00:00:00,4115.769196257447
2025-06-02 01:00:00,5511.273314782336
2025-06-02 02:00:00,4330.8065409749115
2025-06-02 03:00:00,3740.8634126516426
2025-06-02 04:00:00,2737.994932850873
2025-06-02 05:00:00,2280.2973081641912
2025-06-02 06:00:00,1401.8543271956871
2025-06-02 07:00:00,2753.683066491311
2025-06-02 08:00:00,1827.946456693538
2025-06-02 09:00:00,1781.2106811635258
2025-06-02 10:00:00,1626.1229797726041
2025-06-02 11:00:00,2166.1873827978343
2025-06-02 12:00:00,2679.8574997439177
2025-06-02 13:00:00,4452.737005218086
2025-06-02 14:00:00,4383.101362057092
2025-06-02 15:00:00,3987.847447579178
2025-06-02 16:00:00,4490.242379453305
2025-06-02 17:00:00,4892.601931578459
2025-06-02 18:00:00,6308.509407546252
2025-06-02 19:00:00,5808.587446633039
2025-06-02 20:00:00,5908.964054804516
2025-06-02 21:00:00,5508.596576052528
2025-06-02 22:00:00,3951.9991187265987
2025-06-02 23:00:00,4970.273016535045
2025-06-03 00:00:00,3605.04796408606
2025-06-03 01:00:00,2919.3979054015576
2025-06-03 02:00:00,2339.7224659410263
2025-06-03 03:00:00,2484.711373859095
2025-06-03 04:00:00,2065.3914943225222
2025-06-03 05:00:00,2760.0009283895133
2025-06-03 06:00:00,2179.3448746548484
2025-06-03 07:00:00,2155.7609206675534
2025-06-03 08:00:00,2624.854725177416
2025-06-03 09:00:00,2123.58231757561
2025-06-03 10:00:00,2128.926139794621
2025-06-03 11:00:00,2485.0608382700593
2025-06-03 12:00:00,4235.570467811146
2025-06-03 13:00:00,4303.261734666663
2025-06-03 14:00:00,5983.2251123625165
2025-06-03 15:00:00,4840.387967601032
2025-06-03 16:00:00,6294.513971191007
2025-06-03 17:00:00,5254.584817716436
2025-06-03 18:00:00,5464.071711159951
2025-06-03 19:00:00,5227.397020086367
2025-06-03 20:00:00,4949.137855389876
2025-06-03 21:00:00,4474.338282152983
2025-06-03 22:00:00,3475.945063584054
2025-06-03 23:00:00,3977.809760834667
2025-06-04 00:00:00,3126.7943529768895
2025-06-04 01:00:00,2054.7485610333774
2025-06-04 02:00:00,1878.8177996381282
2025-06-04 03:00:00,1895.6150687906318
2025-06-04 04:00:00,1759.7373412048762
2025-06-04 05:00:00,1705.0628565444056
2025-06-04 06:00:00,1852.1130405147342
2025-06-04 07:00:00,2201.5232251322063
2025-06-04 08:00:00,1240.0533585244423
2025-06-04 09:00:00,1162.8999210728746
2025-06-04 10:00:00,699.5584181281718
2025-06-04 11:00:00,1075.4880755813901
2025-06-04 12:00:00,1211.0887319428039
2025-06-04 13:00:00,1550.8712883035628
2025-06-04 14:00:00,2038.0875435078235
2025-06-04 15:00:00,3273.2806466618313
2025-06-04 16:00:00,3859.021474065002
2025-06-04 17:00:00,4929.405281549636
2025-06-04 18:00:00,5285.615388951452
2025-06-04 19:00:00,5828.24590058643
2025-06-04 20:00:00,5272.112422135981
2025-06-04 21:00:00,4530.366128829387
2025-06-04 22:00:00,3608.6890197906123
2025-06-04 23:00:00,3652.309350453649
2025-06-05 00:00:00,3079.674666852726
2025-06-05 01:00:00,1625.0862077793577
2025-06-05 02:00:00,1345.8205982937698
2025-06-05 03:00:00,1015.2839306297639
2025-06-05 04:00:00,974.8991960208659
2025-06-05 05:00:00,786.0445542735354
2025-06-05 06:00:00,1004.2037932935336
2025-06-05 07:00:00,539.2808420741986
2025-06-05 08:00:00,336.1821199183809
2025-06-05 09:00:00,210.65184100298606
2025-06-05 10:00:00,0.0
2025-06-05 11:00:00,0.0
2025-06-05 12:00:00,424.07226624553766
2025-06-05 13:00:00,1038.78683980033
2025-06-05 14:00:00,1192.8102649693753
2025-06-05 15:00:00,1279.365247451954
2025-06-05 16:00:00,1498.7449354620019
2025-06-05 17:00:00,2549.7851191163854
2025-06-05 18:00:00,2556.733367685753
2025-06-05 19:00:00,3082.1693453067874
2025-06-05 20:00:00,3245.5528243583967
2025-06-05 21:00:00,2829.783448752262
2025-06-05 22:00:00,3014.6931912138134
2025-06-05 23:00:00,3030.1080194966453
2025-06-06 00:00:00,3113.7780368706067
2025-06-06 01:00:00,3137.3500663840086
2025-06-06 02:00:00,2814.407275283242
2025-06-06 03:00:00,3369.377458654709
2025-06-06 04:00:00,2561.7295758570035
2025-06-06 05:00:00,2540.198491906944
2025-06-06 06:00:00,2510.2003105516196
2025-06-06 07:00:00,1629.6767881006556
2025-06-06 08:00:00,1453.8694933699362
2025-06-06 09:00:00,680.6202536180733
2025-06-06 10:00:00,1238.6887046005675
2025-06-06 11:00:00,998.5615692522894
2025-06-06 12:00:00,792.2831231360026
2025-06-06 13:00:00,2162.4192942521554
2025-06-06 14:00:00,2226.2458221338925
2025-06-06 15:00:00,3136.6390726464087
2025-06-06 16:00:00,3482.5466753135734
2025-06-06 17:00:00,4039.8654152475447
2025-06-06 18:00:00,4098.384923875989
2025-06-06 19:00:00,4221.130558009412
2025-06-06 20:00:00,4717.045240353229
2025-06-06 21:00:00,5011.151847279129
2025-06-06 22:00:00,3874.664159458895
2025-06-06 23:00:00,4164.093888215572
2025-06-07 00:00:00,4748.537272433707
2025-06-07 01:00:00,4244.743553759611
2025-06-07 02:00:00,4130.817334003934
2025-06-07 03:00:00,3253.6567391623357
2025-06-07 04:00:00,2919.6503584731527
2025-06-07 05:00:00,2661.845900593502
2025-06-07 06:00:00,2806.74184795172
2025-06-07 07:00:00,2608.6699484632013
2025-06-07 08:00:00,1732.6590138057225
2025-06-07 09:00:00,1425.3853520544471
2025-06-07 10:00:00,1953.9881969508092
2025-06-07 11:00:00,1351.2626676402913
2025-06-07 12:00:00,1729.3526094967087
2025-06-07 13:00:00,1933.3946087863683
2025-06-07 14:00:00,2372.072596597377
2025-06-07 15:00:00,2956.6374304475376
2025-06-07 16:00:00,3917.6505641687745
2025-06-07 17:00:00,4300.230494966078
2025-06-07 18:00:00,4736.141357652139
2025-06-07 19:00:00,5099.548944308174
2025-06-07 20:00:00,4984.472946513054
2025-06-07 21:00:00,4979.4012985000245
2025-06-07 22:00:00,4697.3454155523605
2025-06-07 23:00:00,4848.531129084743
2025-06-08 00:00:00,5040.079766241529
2025-06-08 01:00:00,5028.831126084896
2025-06-08 02:00:00,4679.712854455613
2025-06-08 03:00:00,4098.653773757565
2025-06-08 04:00:00,4000.204015153261
2025-06-08 05:00:00,3554.771055875082
2025-06-08 06:00:00,3721.1226505122027
2025-06-08 07:00:00,3386.3399874803445
2025-06-08 08:00:00,2497.0052123246937
2025-06-08 09:00:00,2087.459993134142
2025-06-08 10:00:00,2077.3183653168844
2025-06-08 11:00:00,2317.0107928927255
2025-06-08 12:00:00,2930.5091763552837
2025-06-08 13:00:00,3321.2187739140436
2025-06-08 14:00:00,3685.805113578755
2025-06-08 15:00:00,3714.0659395163043
2025-06-08 16:00:00,3908.7859071630032
2025-06-08 17:00:00,4662.400465197061
2025-06-08 18:00:00,5321.486096565506
2025-06-08 19:00:00,5194.209668241396
2025-06-08 20:00:00,6323.582086207139
2025-06-08 21:00:00,5312.648900957808
2025-06-08 22:00:00,4862.571866008566
2025-06-08 23:00:00,4932.485455110995
2025-06-09 00:00:00,3866.0684773454027
2025-06-09 01:00:00,2650.1832476628388
2025-06-09 02:00:00,3119.5772931410916
2025-06-09 03:00:00,3114.950840051767
2025-06-09 04:00:00,3592.8982401986254
2025-06-09 05:00:00,2905.8175416128147
2025-06-09 06:00:00,4783.962473945497
2025-06-09 07:00:00,3904.097080795933
2025-06-09 08:00:00,3625.358024715556
2025-06-09 09:00:00,3323.566389261228
2025-06-09 10:00:00,3230.292582964282
2025-06-09 11:00:00,3281.8514155626294
2025-06-09 12:00:00,3675.904818716307
2025-06-09 13:00:00,3283.993613079148
2025-06-09 14:00:00,3760.492273296947
2025-06-09 15:00:00,3935.2502366015938
2025-06-09 16:00:00,3866.731570487283
2025-06-09 17:00:00,4257.500762412068
2025-06-09 18:00:00,4383.00961037466
2025-06-09 19:00:00,4335.221021466108
2025-06-09 20:00:00,4156.939501327731
2025-06-09 21:00:00,2801.2371485494887
2025-06-09 22:00:00,3463.274445906944
2025-06-09 23:00:00,4207.984016282641
2025-06-10 00:00:00,3309.184499628239
2025-06-10 01:00:00,4228.222800746149
2025-06-10 02:00:00,3356.503915270026
2025-06-10 03:00:00,3293.0917673509725
2025-06-10 04:00:00,3107.0692850924775
2025-06-10 05:00:00,3117.4376103749755
2025-06-10 06:00:00,3140.714237270698
2025-06-10 07:00:00,3250.9164927011316
2025-06-10 08:00:00,2778.463597864627
2025-06-10 09:00:00,1597.8740251341735
2025-06-10 10:00:00,1475.9344803156441
2025-06-10 11:00:00,830.279364968099
2025-06-10 12:00:00,2100.594537921142
2025-06-10 13:00:00,2914.631803781971
2025-06-10 14:00:00,3184.110469392363
2025-06-10 15:00:00,3332.113546506381
2025-06-10 16:00:00,4375.933444926873
2025-06-10 17:00:00,4466.270756088569
2025-06-10 18:00:00,5331.0999746344305
2025-06-10 19:00:00,6445.354123895439
2025-06-10 20:00:00,5764.661436904082
2025-06-10 21:00:00,6403.150950999725
2025-06-10 22:00:00,7062.394619950899
2025-06-10 23:00:00,6311.688752187573
2025-06-11 00:00:00,6279.156968967711
2025-06-11 01:00:00,6327.179107394716
2025-06-11 02:00:00,5885.999749909371
2025-06-11 03:00:00,4915.082123814945
2025-06-11 04:00:00,5450.92881401752
2025-06-11 05:00:00,3207.669186715004
2025-06-11 06:00:00,2843.0075852899663
2025-06-11 07:00:00,2833.0353295315335
2025-06-11 08:00:00,2389.467989416483
2025-06-11 09:00:00,1045.728974292305
2025-06-11 10:00:00,1229.053351978123
2025-06-11 11:00:00,1776.9131766212486
2025-06-11 12:00:00,1532.7531516517543
2025-06-11 13:00:00,1883.303917898938
2025-06-11 14:00:00,2491.7444850291954
2025-06-11 15:00:00,3829.705515749169
2025-06-11 16:00:00,5676.017300618611
2025-06-11 17:00:00,5336.622296955967
2025-06-11 18:00:00,4561.372693038019
2025-06-11 19:00:00,4567.621599681642
2025-06-11 20:00:00,4453.742372043094
2025-06-11 21:00:00,4285.707733012536
2025-06-11 22:00:00,3577.408433381048
2025-06-11 23:00:00,2697.0948080492667
2025-06-12 00:00:00,3023.936936968935
2025-06-12 01:00:00,3292.4986476323884
2025-06-12 02:00:00,3080.766051367596
2025-06-12 03:00:00,4104.38250696294
2025-06-12 04:00:00,3119.2326670923453
2025-06-12 05:00:00,3504.8847060783646
2025-06-12 06:00:00,3533.2694365542457
2025-06-12 07:00:00,3378.4875567261515
2025-06-12 08:00:00,2591.3317940166016
2025-06-12 09:00:00,2307.809962901775
2025-06-12 10:00:00,1654.0672748479863
2025-06-12 11:00:00,1482.7199779183002
2025-06-12 12:00:00,1720.0115627441082
2025-06-12 13:00:00,2170.773017956366
2025-06-12 14:00:00,2349.276802478278
2025-06-12 15:00:00,2744.523182400744
2025-06-12 16:00:00,2753.1656542894884
2025-06-12 17:00:00,3581.720121722595
2025-06-12 18:00:00,3072.906212145334
2025-06-12 19:00:00,2796.772001647935
2025-06-12 20:00:00,3112.1338317427662
2025-06-12 21:00:00,3550.8625066514915
2025-06-12 22:00:00,3696.5653366848387
2025-06-12 23:00:00,3616.3560084039195
2025-06-13 00:00:00,4957.740715892381
2025-06-13 01:00:00,4480.731688157588
2025-06-13 02:00:00,3153.471609852147
2025-06-13 03:00:00,2491.5560362482784
2025-06-13 04:00:00,3657.7780605503244
2025-06-13 05:00:00,2951.793908538984
2025-06-13 06:00:00,2515.7696513684336
2025-06-13 07:00:00,2433.582371255959
2025-06-13 08:00:00,1703.0767190623685
2025-06-13 09:00:00,1190.8346301769177
2025-06-13 10:00:00,1278.2754776424827
2025-06-13 11:00:00,1169.7043866512881
2025-06-13 12:00:00,1261.858863528119
2025-06-13 13:00:00,1343.5830901645893
2025-06-13 14:00:00,1594.8483314482073
2025-06-13 15:00:00,2055.9030934830002
2025-06-13 16:00:00,2193.0331651898623
2025-06-13 17:00:00,2495.888146002535
2025-06-13 18:00:00,3756.3704543358904
2025-06-13 19:00:00,4161.956771044945
2025-06-13 20:00:00,5682.361355608326
2025-06-13 21:00:00,5319.828314321549
2025-06-13 22:00:00,4582.6671838444745
2025-06-13 23:00:00,4595.785214858956
2025-06-14 00:00:00,5802.210972345743
2025-06-14 01:00:00,4889.225846870809
2025-06-14 02:00:00,5448.173505719324
2025-06-14 03:00:00,5438.98538154611
2025-06-14 04:00:00,4462.178031291228
2025-06-14 05:00:00,4541.156969827292
2025-06-14 06:00:00,4464.534309165404
2025-06-14 07:00:00,3833.6797652352725
2025-06-14 08:00:00,4082.021023523671
2025-06-14 09:00:00,4108.417459068332
2025-06-14 10:00:00,3201.816150933144
2025-06-14 11:00:00,3019.581781844924
2025-06-14 12:00:00,3479.0302749207044
2025-06-14 13:00:00,3213.1193937905823
2025-06-14 14:00:00,3548.8184394159302
2025-06-14 15:00:00,3768.0833610569616
2025-06-14 16:00:00,4276.466304414679
2025-06-14 17:00:00,4289.427793870122
2025-06-14 18:00:00,4552.694187723535
2025-06-14 19:00:00,4535.336071130363
2025-06-14 20:00:00,5561.733873598229
2025-06-14 21:00:00,6133.074346373105
2025-06-14 22:00:00,7005.207167603818
2025-06-14 23:00:00,7003.3228687658775
2025-06-15 00:00:00,5843.907411801479
2025-06-15 01:00:00,5015.716893929771
2025-06-15 02:00:00,3999.676981545393
2025-06-15 03:00:00,4211.364009851417
2025-06-15 04:00:00,3963.3597693246925
2025-06-15 05:00:00,4164.440559748543
2025-06-15 06:00:00,4174.1392971825235
2025-06-15 07:00:00,3088.11070469184
2025-06-15 08:00:00,3179.097022635584
2025-06-15 09:00:00,2328.5375191978146
2025-06-15 10:00:00,2090.6531546845667
2025-06-15 11:00:00,1780.738122574849
2025-06-15 12:00:00,2148.9777409637923
2025-06-15 13:00:00,2421.865045489726
2025-06-15 14:00:00,2720.0740674500753
2025-06-15 15:00:00,2623.239760926117
2025-06-15 16:00:00,3162.6870041625766
2025-06-15 17:00:00,3244.3813186798784
2025-06-15 18:00:00,3142.388471712462
2025-06-15 19:00:00,3873.0709581933165
2025-06-15 20:00:00,4487.990306474898
2025-06-15 21:00:00,5049.347426218149
2025-06-15 22:00:00,5024.613075541943
2025-06-15 23:00:00,5599.209692240917
2025-06-16 00:00:00,4769.075398781595
2025-06-16 01:00:00,6594.1868333431685
2025-06-16 02:00:00,5052.072580558673
2025-06-16 03:00:00,4639.633261473796
2025-06-16 04:00:00,5501.453384505885
2025-06-16 05:00:00,4838.187318106661
2025-06-16 06:00:00,5119.85544912626
2025-06-16 07:00:00,3498.036751026779
2025-06-16 08:00:00,3668.4392271949655
2025-06-16 09:00:00,3185.3142694242856
2025-06-16 10:00:00,2223.994811919872
2025-06-16 11:00:00,2306.0516472170516
2025-06-16 12:00:00,2304.2649903505944
2025-06-16 13:00:00,2411.73432743091
2025-06-16 14:00:00,2302.1844228761443
2025-06-16 15:00:00,2272.0562231526437
2025-06-16 16:00:00,2783.6427069937185
2025-06-16 17:00:00,4196.251388538027
2025-06-16 18:00:00,4393.9114034561
2025-06-16 19:00:00,4267.9479845594615
2025-06-16 20:00:00,4471.964747518054
2025-06-16 21:00:00,4959.499225204226
2025-06-16 22:00:00,5304.99130478664
2025-06-16 23:00:00,4416.883486094596
2025-06-17 00:00:00,3826.615839379818
2025-06-17 01:00:00,3955.683973989708
2025-06-17 02:00:00,3114.499518229081
2025-06-17 03:00:00,2806.30705995105
2025-06-17 04:00:00,2733.813956137126
2025-06-17 05:00:00,2861.215159821581
2025-06-17 06:00:00,3353.8419702402857
2025-06-17 07:00:00,2901.501382667309
2025-06-17 08:00:00,2757.5306590244463
2025-06-17 09:00:00,1948.7442445636318
2025-06-17 10:00:00,1614.5722291100524
2025-06-17 11:00:00,1973.740856697883
2025-06-17 12:00:00,2009.6969436066072
2025-06-17 13:00:00,2654.316289579062
2025-06-17 14:00:00,2576.430870529051
2025-06-17 15:00:00,3154.7773349102895
2025-06-17 16:00:00,3547.388558480754
2025-06-17 17:00:00,3301.687750685047
2025-06-17 18:00:00,3514.7885952370452
2025-06-17 19:00:00,3794.5145908058016
2025-06-17 20:00:00,3879.6677489405233
2025-06-17 21:00:00,4559.809907179487
2025-06-17 22:00:00,5026.018007684717
2025-06-17 23:00:00,4023.8504726002325
2025-06-18 00:00:00,4048.709262103448
2025-06-18 01:00:00,4712.668399464477
2025-06-18 02:00:00,4257.958213796925
2025-06-18 03:00:00,5019.6331279247825
2025-06-18 04:00:00,4180.2429904390365
2025-06-18 05:00:00,3944.563052813236
2025-06-18 06:00:00,4201.6130464825255
2025-06-18 07:00:00,4169.690216696289
2025-06-18 08:00:00,3331.1097137568436
2025-06-18 09:00:00,3408.848485954811
2025-06-18 10:00:00,3158.5066153035596
2025-06-18 11:00:00,3313.0245853644747
2025-06-18 12:00:00,4106.806415207691
2025-06-18 13:00:00,5175.956749180155
2025-06-18 14:00:00,5301.096835621776
2025-06-18 15:00:00,5995.121457850832
2025-06-18 16:00:00,6467.407293683669
2025-06-18 17:00:00,7129.963454410764
2025-06-18 18:00:00,7293.847288194851
2025-06-18 19:00:00,7107.199936427101
2025-06-18 20:00:00,7059.265377882861
2025-06-18 21:00:00,7010.271625577323
2025-06-18 22:00:00,6070.273423630006
2025-06-18 23:00:00,5372.139420322138
2025-06-19 00:00:00,5224.700907299761
2025-06-19 01:00:00,5742.194177905431
2025-06-19 02:00:00,4755.383129049335
2025-06-19 03:00:00,4400.907773820687
2025-06-19 04:00:00,3311.0594971244614
2025-06-19 05:00:00,2764.109573032742
2025-06-19 06:00:00,2903.7178736128267
2025-06-19 07:00:00,3372.858840012561
2025-06-19 08:00:00,3752.688363998147
2025-06-19 09:00:00,2682.5874427350195
2025-06-19 10:00:00,2898.05676390552
2025-06-19 11:00:00,2885.5439618929818
2025-06-19 12:00:00,2919.732432404781
2025-06-19 13:00:00,5659.704563265814
2025-06-19 14:00:00,7391.817189035521
2025-06-19 15:00:00,5741.31480673677
2025-06-19 16:00:00,6459.290795473218
2025-06-19 17:00:00,6814.397133649231
2025-06-19 18:00:00,7823.9642719533
2025-06-19 19:00:00,6526.562995582886
2025-06-19 20:00:00,5884.033813458852
2025-06-19 21:00:00,4556.618817582916
2025-06-19 22:00:00,3735.2977958692445
2025-06-19 23:00:00,3937.7624804055527
2025-06-20 00:00:00,2836.3026237790205
2025-06-20 01:00:00,4199.813525278011
2025-06-20 02:00:00,3297.2957256351774
2025-06-20 03:00:00,3303.501775323293
2025-06-20 04:00:00,2864.3530712116494
2025-06-20 05:00:00,3168.6787517269277
2025-06-20 06:00:00,2909.4191707683703
2025-06-20 07:00:00,2887.4759154489407
2025-06-20 08:00:00,2503.2798665474797
2025-06-20 09:00:00,2006.0672370198652
2025-06-20 10:00:00,1522.6858592999486
2025-06-20 11:00:00,1487.0712823111758
2025-06-20 12:00:00,1053.2057381029413
2025-06-20 13:00:00,1316.285815259626
2025-06-20 14:00:00,1573.6950643759
2025-06-20 15:00:00,1658.4447709017436
2025-06-20 16:00:00,2052.44728131147
2025-06-20 17:00:00,2194.6900710565474
2025-06-20 18:00:00,2176.701307355388
2025-06-20 19:00:00,2714.051514764862
2025-06-20 20:00:00,2765.234309072232
2025-06-20 21:00:00,2853.8100622390793
2025-06-20 22:00:00,3218.192034638281
2025-06-20 23:00:00,3833.19076013268
2025-06-21 00:00:00,3356.3280760302655
2025-06-21 01:00:00,4152.200342573851
2025-06-21 02:00:00,3261.789576141178
2025-06-21 03:00:00,2851.7348592095586
2025-06-21 04:00:00,3084.0945945080152
2025-06-21 05:00:00,2682.1257818812255
2025-06-21 06:00:00,3164.240256702369
2025-06-21 07:00:00,1877.4245770019872
2025-06-21 08:00:00,1546.7399519434284
2025-06-21 09:00:00,1201.8653243546185
2025-06-21 10:00:00,826.6579367008248
2025-06-21 11:00:00,1047.8795425906949
2025-06-21 12:00:00,1242.7147975246717
2025-06-21 13:00:00,3362.713994036396
2025-06-21 14:00:00,3886.8324823824328
2025-06-21 15:00:00,3966.731762797089
2025-06-21 16:00:00,4727.412389804549
2025-06-21 17:00:00,5185.361582030832
2025-06-21 18:00:00,5237.755947993977
2025-06-21 19:00:00,6007.637319576716
2025-06-21 20:00:00,5008.905218985816
2025-06-21 21:00:00,3941.646732302294
2025-06-21 22:00:00,6260.995244232123
2025-06-21 23:00:00,4751.08374665348
2025-06-22 00:00:00,3537.7956347704817
2025-06-22 01:00:00,5556.372967251109
2025-06-22 02:00:00,7066.02995811387
2025-06-22 03:00:00,5736.781881815829
2025-06-22 04:00:00,4349.740716334487
2025-06-22 05:00:00,3075.5048729381574
2025-06-22 06:00:00,3371.6298529324954
2025-06-22 07:00:00,2334.4811280483914
2025-06-22 08:00:00,2902.15557037132
2025-06-22 09:00:00,1866.3502394127945
2025-06-22 10:00:00,521.4494106571975
2025-06-22 11:00:00,823.8430558437866
2025-06-22 12:00:00,991.9537099316378
2025-06-22 13:00:00,1789.3067312999235
2025-06-22 14:00:00,2066.4883961259993
2025-06-22 15:00:00,2313.6960330245847
2025-06-22 16:00:00,3528.469647000161
2025-06-22 17:00:00,3295.197294054974
2025-06-22 18:00:00,3512.7922453042884
2025-06-22 19:00:00,3566.885118451034
2025-06-22 20:00:00,4138.912131664943
2025-06-22 21:00:00,5997.335378623304
2025-06-22 22:00:00,4967.227212833557
2025-06-22 23:00:00,4585.852062016338
2025-06-23 00:00:00,5076.791546458718
2025-06-23 01:00:00,5460.887888627616
2025-06-23 02:00:00,6199.462482934516
2025-06-23 03:00:00,4899.6167857988885
2025-06-23 04:00:00,3585.6753055109357
2025-06-23 05:00:00,3062.475027686963
2025-06-23 06:00:00,3932.08718824148
2025-06-23 07:00:00,2860.7956586987416
2025-06-23 08:00:00,2843.484913140566
2025-06-23 09:00:00,1836.1526197027376
2025-06-23 10:00:00,933.159709189282
2025-06-23 11:00:00,1108.0638791587614
2025-06-23 12:00:00,2058.841778026815
2025-06-23 13:00:00,1581.7215379508214
2025-06-23 14:00:00,1444.9177463104172
2025-06-23 15:00:00,2253.93455788861
2025-06-23 16:00:00,2202.2789473461526
2025-06-23 17:00:00,2065.346461054393
2025-06-23 18:00:00,1997.2863979683657
2025-06-23 19:00:00,2561.749451975676
2025-06-23 20:00:00,2763.8009337465305
2025-06-23 21:00:00,5118.15145516936
2025-06-23 22:00:00,4616.272539066097
2025-06-23 23:00:00,4392.07738720219
2025-06-24 00:00:00,4023.822691112088
2025-06-24 01:00:00,4489.380226819486
2025-06-24 02:00:00,4189.5495412119
2025-06-24 03:00:00,3816.269380189077
2025-06-24 04:00:00,2991.167300406455
2025-06-24 05:00:00,3837.0377020028886
2025-06-24 06:00:00,3423.42039299464
2025-06-24 07:00:00,2999.8013471759014
2025-06-24 08:00:00,2566.0739494951313
2025-06-24 09:00:00,1580.7256679291324
2025-06-24 10:00:00,1009.475679263803
2025-06-24 11:00:00,1030.5897167786466
2025-06-24 12:00:00,1117.848460107131
2025-06-24 13:00:00,2941.55083926854
2025-06-24 14:00:00,4622.566680931085
2025-06-24 15:00:00,3688.8006286058676
2025-06-24 16:00:00,4455.802355795378
2025-06-24 17:00:00,5488.394410536014
2025-06-24 18:00:00,6895.538511352835
2025-06-24 19:00:00,7994.77434050938
2025-06-24 20:00:00,6070.839824189655
2025-06-24 21:00:00,6833.667711149117
2025-06-24 22:00:00,6004.03384042795
2025-06-24 23:00:00,4910.486600149998
2025-06-25 00:00:00,4043.528147329708
2025-06-25 01:00:00,5117.68198132485
2025-06-25 02:00:00,4743.284652405727
2025-06-25 03:00:00,3925.6213065058428
2025-06-25 04:00:00,3091.8331935914634
2025-06-25 05:00:00,3223.1154110711627
2025-06-25 06:00:00,3101.669070850409
2025-06-25 07:00:00,3974.2832371409063
2025-06-25 08:00:00,3670.2173870008482
2025-06-25 09:00:00,3267.8720852811575
2025-06-25 10:00:00,3179.055353659636
2025-06-25 11:00:00,3744.843452838328
2025-06-25 12:00:00,3884.9346776936327
2025-06-25 13:00:00,5000.087765761499
2025-06-25 14:00:00,5102.899192230087
2025-06-25 15:00:00,5635.215909621611
2025-06-25 16:00:00,6202.927836975698
2025-06-25 17:00:00,7210.892627864922
2025-06-25 18:00:00,7157.984028432959
2025-06-25 19:00:00,7641.573700699024
2025-06-25 20:00:00,7826.869252967747
2025-06-25 21:00:00,7139.110134283519
2025-06-25 22:00:00,6660.170681938727
2025-06-25 23:00:00,6048.263429094233
2025-06-26 00:00:00,8356.48442177814
2025-06-26 01:00:00,7576.049714536359
2025-06-26 02:00:00,7154.4041829026855
2025-06-26 03:00:00,7008.017855451223
2025-06-26 04:00:00,6965.147767108525
2025-06-26 05:00:00,6128.6317667031735
2025-06-26 06:00:00,5840.351349671653
2025-06-26 07:00:00,5644.86755779409
2025-06-26 08:00:00,5110.858017141329
2025-06-26 09:00:00,4512.027985515345
2025-06-26 10:00:00,4260.407389523784
2025-06-26 11:00:00,4409.568762255594
2025-06-26 12:00:00,3452.9892173082612
2025-06-26 13:00:00,3831.016851804137
2025-06-26 14:00:00,3679.2969204010437
2025-06-26 15:00:00,3681.6621229089274
2025-06-26 16:00:00,3930.163799537965
2025-06-26 17:00:00,4805.831216177821
2025-06-26 18:00:00,5052.809633441767
2025-06-26 19:00:00,5299.338328196882
2025-06-26 20:00:00,5616.449288350215
2025-06-26 21:00:00,6481.464722489957
2025-06-26 22:00:00,6755.424586783975
2025-06-26 23:00:00,6102.124191852445
2025-06-27 00:00:00,6330.281781084492
2025-06-27 01:00:00,6287.689496996014
2025-06-27 02:00:00,5918.642227430951
2025-06-27 03:00:00,6421.828491349844
2025-06-27 04:00:00,6059.342676940051
2025-06-27 05:00:00,5608.538049237753
2025-06-27 06:00:00,6060.791056584489
2025-06-27 07:00:00,5513.355979943014
2025-06-27 08:00:00,5260.147389484098
2025-06-27 09:00:00,4784.619030759284
2025-06-27 10:00:00,4390.393357383128
2025-06-27 11:00:00,4543.985953759088
2025-06-27 12:00:00,4241.271176008844
2025-06-27 13:00:00,4387.43731478603
2025-06-27 14:00:00,3898.3605192781497
2025-06-27 15:00:00,4264.342485797007
2025-06-27 16:00:00,4520.584712596778
2025-06-27 17:00:00,5052.809201824885
2025-06-27 18:00:00,5567.945252556805
2025-06-27 19:00:00,6435.965249431084
2025-06-27 20:00:00,7364.275528088051
2025-06-27 21:00:00,7434.975204620467
2025-06-27 22:00:00,7894.955997956412
2025-06-27 23:00:00,8300.99629545733
2025-06-28 00:00:00,6809.165447592885
2025-06-28 01:00:00,6007.430996899895
2025-06-28 02:00:00,5678.2365451678
2025-06-28 03:00:00,4947.794181305195
2025-06-28 04:00:00,5843.801462944327
2025-06-28 05:00:00,5326.059988360953
2025-06-28 06:00:00,4449.815273348506
2025-06-28 07:00:00,4601.614989571178
2025-06-28 08:00:00,4704.547707518183
2025-06-28 09:00:00,4077.0287203302355
2025-06-28 10:00:00,3845.0376207847107
2025-06-28 11:00:00,3122.5972922400633
2025-06-28 12:00:00,2553.8692923938643
2025-06-28 13:00:00,3205.8014860348812
2025-06-28 14:00:00,3124.8276570731937
2025-06-28 15:00:00,3107.5240861022876
2025-06-28 16:00:00,3484.5032269812327
2025-06-28 17:00:00,4273.587022436916
2025-06-28 18:00:00,4189.030473267246
2025-06-28 19:00:00,5264.223939029489
2025-06-28 20:00:00,5974.548508897033
2025-06-28 21:00:00,6460.1662047278305
2025-06-28 22:00:00,6891.660123392095
2025-06-28 23:00:00,6215.30415417992
2025-06-29 00:00:00,6687.4936592801805
2025-06-29 01:00:00,6243.71604989719
2025-06-29 02:00:00,6301.645738815818
2025-06-29 03:00:00,6099.306454978286
2025-06-29 04:00:00,5433.65371994644
2025-06-29 05:00:00,5714.56359723607
2025-06-29 06:00:00,5502.522852372525
2025-06-29 07:00:00,5423.809935811407
2025-06-29 08:00:00,5197.54234713293
2025-06-29 09:00:00,4591.461589378459
2025-06-29 10:00:00,4313.044354506215
2025-06-29 11:00:00,3842.544071963221
2025-06-29 12:00:00,2976.1471269628614
2025-06-29 13:00:00,2735.075429898959
2025-06-29 14:00:00,3352.0989502319144
2025-06-29 15:00:00,3873.62871729138
2025-06-29 16:00:00,4475.402833564986
2025-06-29 17:00:00,4606.792556108586
2025-06-29 18:00:00,4274.97965544966
2025-06-29 19:00:00,4097.643825045178
2025-06-29 20:00:00,6931.442384248597
2025-06-29 21:00:00,8028.5030544346455
2025-06-29 22:00:00,8296.947145587295
2025-06-29 23:00:00,9433.570619674852
2025-06-30 00:00:00,8548.0531658747
2025-06-30 01:00:00,9005.70072754384
2025-06-30 02:00:00,7490.903847863297
2025-06-30 03:00:00,7233.129464941686
2025-06-30 04:00:00,6200.333026316992
2025-06-30 05:00:00,5986.72311852627
2025-06-30 06:00:00,5005.26172861348
2025-06-30 07:00:00,5258.7373479922735
2025-06-30 08:00:00,5236.876007199676
2025-06-30 09:00:00,4479.701236580986
2025-06-30 10:00:00,3802.9911060303725
2025-06-30 11:00:00,2973.831340233625
2025-06-30 12:00:00,2636.2999601143697
2025-06-30 13:00:00,3694.338955381074
2025-06-30 14:00:00,4296.431729347928
2025-06-30 15:00:00,5308.059817956911
2025-06-30 16:00:00,5305.588978749998
2025-06-30 17:00:00,5105.648440569403
2025-06-30 18:00:00,4578.838319350479
2025-06-30 19:00:00,5443.917665322792
2025-06-30 20:00:00,4741.467976269904
2025-06-30 21:00:00,5486.309857448655
2025-06-30 22:00:00,4964.036720459934
2025-06-30 23:00:00,7057.883883433991
2025-07-01 00:00:00,8693.329319147553
2025-07-01 01:00:00,7449.731915480964
2025-07-01 02:00:00,6487.12802156883
2025-07-01 03:00:00,5508.115219677819
2025-07-01 04:00:00,5747.512729015667
2025-07-01 05:00:00,5542.22996864151
2025-07-01 06:00:00,4794.318593937598
2025-07-01 07:00:00,5112.552590922939
2025-07-01 08:00:00,4809.189867147934
2025-07-01 09:00:00,3595.214054563096
2025-07-01 10:00:00,3050.582988932986
2025-07-01 11:00:00,2959.593701915929
2025-07-01 12:00:00,2733.672162689193
2025-07-01 13:00:00,3208.528581023269
2025-07-01 14:00:00,3391.9118993172574
2025-07-01 15:00:00,3871.1754416487383
2025-07-01 16:00:00,4558.271575467688
2025-07-01 17:00:00,4913.511755030985
2025-07-01 18:00:00,5102.680771355102
2025-07-01 19:00:00,4972.352896395691
2025-07-01 20:00:00,6553.848163204564
2025-07-01 21:00:00,7057.716800088533
2025-07-01 22:00:00,8496.267512010472
2025-07-01 23:00:00,8638.851757251614
2025-07-02 00:00:00,9071.336912267692
2025-07-02 01:00:00,9186.865214214136
2025-07-02 02:00:00,7818.320677374564
2025-07-02 03:00:00,7258.39411263111
2025-07-02 04:00:00,6559.616931353766
2025-07-02 05:00:00,6522.990039638221
2025-07-02 06:00:00,6275.373571162543
2025-07-02 07:00:00,5943.84292057076
2025-07-02 08:00:00,4819.928283113169
2025-07-02 09:00:00,4214.688933172639
2025-07-02 10:00:00,3831.086699940397
2025-07-02 11:00:00,3596.922887330794
2025-07-02 12:00:00,3565.7758961733894
2025-07-02 13:00:00,3549.0847581778553
2025-07-02 14:00:00,3704.587784118862
2025-07-02 15:00:00,4128.6865708830765
2025-07-02 16:00:00,4595.672299197505
2025-07-02 17:00:00,5535.01939265028
2025-07-02 18:00:00,5157.953511184271
2025-07-02 19:00:00,5411.115254971062
2025-07-02 20:00:00,6515.504830445257
2025-07-02 21:00:00,7422.104785801167
2025-07-02 22:00:00,8748.101437383915
2025-07-02 23:00:00,9494.163634286799
2025-07-03 00:00:00,8442.381153156608
2025-07-03 01:00:00,7020.991169598562
2025-07-03 02:00:00,6470.79291175078
2025-07-03 03:00:00,6590.280757627586
2025-07-03 04:00:00,5167.924078879852
2025-07-03 05:00:00,5053.682111201744
2025-07-03 06:00:00,4905.940891294853
2025-07-03 07:00:00,5256.154902336917
2025-07-03 08:00:00,5000.024398744971
2025-07-03 09:00:00,4379.105980407106
2025-07-03 10:00:00,3619.2261427937633
2025-07-03 11:00:00,3076.5355364775214
2025-07-03 12:00:00,3137.503227066672
2025-07-03 13:00:00,2647.343570331662
2025-07-03 14:00:00,3110.2411778004334
2025-07-03 15:00:00,3086.0595456254923
2025-07-03 16:00:00,3837.812422676272
2025-07-03 17:00:00,4673.742426676764
2025-07-03 18:00:00,6025.234684427548
2025-07-03 19:00:00,5369.639352310046
2025-07-03 20:00:00,6711.677720606246
2025-07-03 21:00:00,6910.456291634871
2025-07-03 22:00:00,6566.029912443868
2025-07-03 23:00:00,7683.319346198395
2025-07-04 00:00:00,8334.16746004251
2025-07-04 01:00:00,8810.904018872114
2025-07-04 02:00:00,9722.719142735306
2025-07-04 03:00:00,9553.12152793745
2025-07-04 04:00:00,9399.281094552405
2025-07-04 05:00:00,8558.61835075819
2025-07-04 06:00:00,8564.719250142736
2025-07-04 07:00:00,8071.073587366937
2025-07-04 08:00:00,7202.123789090784
2025-07-04 09:00:00,5235.88530498928
2025-07-04 10:00:00,3615.209975873197
2025-07-04 11:00:00,3330.1236412570665
2025-07-04 12:00:00,3017.6296492986994
2025-07-04 13:00:00,3021.632928791568
2025-07-04 14:00:00,2760.4525688841845
2025-07-04 15:00:00,3311.4973225551494
2025-07-04 16:00:00,3896.971539833387
2025-07-04 17:00:00,4450.6186262956035
2025-07-04 18:00:00,4566.397870267205
2025-07-04 19:00:00,4675.860846073142
2025-07-04 20:00:00,4941.9745626660115
2025-07-04 21:00:00,5199.278307018638
2025-07-04 22:00:00,5689.632575631472
2025-07-04 23:00:00,6053.92188725473
2025-07-05 00:00:00,7703.7373127098535
2025-07-05 01:00:00,7376.912971300429
2025-07-05 02:00:00,7726.427997534721
2025-07-05 03:00:00,8487.445284597996
2025-07-05 04:00:00,7723.290532415333
2025-07-05 05:00:00,6098.323379857544
2025-07-05 06:00:00,5868.479314400824
2025-07-05 07:00:00,5045.488834931288
2025-07-05 08:00:00,4650.23573734772
2025-07-05 09:00:00,3377.6993391631568
2025-07-05 10:00:00,2898.8738459143824
2025-07-05 11:00:00,3289.4659917016975
2025-07-05 12:00:00,3053.107185290668
2025-07-05 13:00:00,3308.348345413232
2025-07-05 14:00:00,3241.458804065054
2025-07-05 15:00:00,3651.6117447283787
2025-07-05 16:00:00,4322.045585669177
2025-07-05 17:00:00,4639.117287454166
2025-07-05 18:00:00,4953.469851781229
2025-07-05 19:00:00,5268.359393456354
2025-07-05 20:00:00,6202.521316803742
2025-07-05 21:00:00,6869.126545738905
2025-07-05 22:00:00,6965.4685627343915
2025-07-05 23:00:00,7214.658061437431
2025-07-06 00:00:00,7122.791258690744
2025-07-06 01:00:00,6543.828044264232
2025-07-06 02:00:00,6651.520720100684
2025-07-06 03:00:00,5879.629075992764
2025-07-06 04:00:00,5140.908778441979
2025-07-06 05:00:00,4738.990783281588
2025-07-06 06:00:00,4380.817113496978
2025-07-06 07:00:00,4342.509017382855
2025-07-06 08:00:00,3867.516479304544
2025-07-06 09:00:00,2320.9004726432454
2025-07-06 10:00:00,1895.068217460863
2025-07-06 11:00:00,2118.1045573099777
2025-07-06 12:00:00,2273.6041161657313
2025-07-06 13:00:00,2596.7174608366854
2025-07-06 14:00:00,2473.6306239795094
2025-07-06 15:00:00,2580.773779811085
2025-07-06 16:00:00,3246.921879679211
2025-07-06 17:00:00,4127.826871747812
2025-07-06 18:00:00,4841.0301416651355
2025-07-06 19:00:00,5820.933015940961
2025-07-06 20:00:00,6799.188919998113
2025-07-06 21:00:00,7032.949154671785
2025-07-06 22:00:00,7440.048251047882
2025-07-06 23:00:00,7339.035213967883
2025-07-07 00:00:00,8379.414010834913
2025-07-07 01:00:00,7934.229594304572
2025-07-07 02:00:00,7007.556898129163
2025-07-07 03:00:00,6789.537745847207
2025-07-07 04:00:00,6007.361080160275
2025-07-07 05:00:00,6224.930712684578
2025-07-07 06:00:00,5853.654091895285
2025-07-07 07:00:00,5296.396699607833
2025-07-07 08:00:00,4869.283656872505
2025-07-07 09:00:00,4422.816579348792
2025-07-07 10:00:00,3791.3704619300406
2025-07-07 11:00:00,3658.856571801915
2025-07-07 12:00:00,3508.319828344589
2025-07-07 13:00:00,3476.6975771512807
2025-07-07 14:00:00,3896.690421592923
2025-07-07 15:00:00,4012.3014021178474
2025-07-07 16:00:00,4888.341075608694
2025-07-07 17:00:00,5872.041650387026
2025-07-07 18:00:00,6172.067347008786
2025-07-07 19:00:00,7736.078170134959
2025-07-07 20:00:00,7523.021292594027
2025-07-07 21:00:00,8078.027470629252
2025-07-07 22:00:00,8883.525898408889
2025-07-07 23:00:00,10186.486670333865
2025-07-08 00:00:00,8578.151135725375
2025-07-08 01:00:00,8471.323478072614
2025-07-08 02:00:00,8306.944103642416
2025-07-08 03:00:00,7727.753698515547
2025-07-08 04:00:00,7492.04412142136
2025-07-08 05:00:00,7409.0485849814495
2025-07-08 06:00:00,6821.809415282951
2025-07-08 07:00:00,6102.40079858015
2025-07-08 08:00:00,5060.825641038637
2025-07-08 09:00:00,4811.598796557779
2025-07-08 10:00:00,4285.051578055253
2025-07-08 11:00:00,4005.0048933514145
2025-07-08 12:00:00,4088.6984691324806
2025-07-08 13:00:00,3067.5326447279795
2025-07-08 14:00:00,2511.068102107815
2025-07-08 15:00:00,2645.8394356698423
2025-07-08 16:00:00,3086.071127856565
2025-07-08 17:00:00,3072.884022764394
2025-07-08 18:00:00,3062.8052092816138
2025-07-08 19:00:00,3526.7576473325717
2025-07-08 20:00:00,3930.6128144176373
2025-07-08 21:00:00,4405.675185957
2025-07-08 22:00:00,4866.543439935004
2025-07-08 23:00:00,5682.846720046455
2025-07-09 00:00:00,4582.312759150275
2025-07-09 01:00:00,4763.934804087905
2025-07-09 02:00:00,4498.039653046843
2025-07-09 03:00:00,4656.427844078465
2025-07-09 04:00:00,4097.2579291467855
2025-07-09 05:00:00,3587.660333342093
2025-07-09 06:00:00,3018.015789718379
2025-07-09 07:00:00,3486.6934442260686
2025-07-09 08:00:00,2495.8713723018004
2025-07-09 09:00:00,1527.8029662646757
2025-07-09 10:00:00,1034.8488073717888
2025-07-09 11:00:00,1066.212826656955
2025-07-09 12:00:00,1708.4710092089028
2025-07-09 13:00:00,2428.486541495762
2025-07-09 14:00:00,2190.550283436253
2025-07-09 15:00:00,2154.819992674891
2025-07-09 16:00:00,3370.604818896778
2025-07-09 17:00:00,4095.038146474133
2025-07-09 18:00:00,6018.948589216835
2025-07-09 19:00:00,6623.794888656593
2025-07-09 20:00:00,6448.885555567841
2025-07-09 21:00:00,6505.294570676235
2025-07-09 22:00:00,6786.49762731068
2025-07-09 23:00:00,7032.599781704822
2025-07-10 00:00:00,6378.364187781215
2025-07-10 01:00:00,5318.836042082013
2025-07-10 02:00:00,4136.1256062001985
2025-07-10 03:00:00,4395.588067877874
2025-07-10 04:00:00,4289.163704165954
2025-07-10 05:00:00,3856.627790702631
2025-07-10 06:00:00,3270.578113280667
2025-07-10 07:00:00,3233.971951611054
2025-07-10 08:00:00,2459.090157359251
2025-07-10 09:00:00,1898.1248167005533
2025-07-10 10:00:00,1809.4888197983664
2025-07-10 11:00:00,1095.7319770354275
2025-07-10 12:00:00,1281.7476195173183
2025-07-10 13:00:00,1608.5769200580073
2025-07-10 14:00:00,2016.8514378026923
2025-07-10 15:00:00,2391.9408252979365
2025-07-10 16:00:00,2914.503107684725
2025-07-10 17:00:00,3431.899298228129
2025-07-10 18:00:00,4145.223056756823
2025-07-10 19:00:00,4653.684811264495
2025-07-10 20:00:00,6322.041953014376
2025-07-10 21:00:00,5827.687157640552
2025-07-10 22:00:00,6681.965931518057
2025-07-10 23:00:00,5787.685427749369
2025-07-11 00:00:00,7013.389874329794
2025-07-11 01:00:00,6760.3425576833415
2025-07-11 02:00:00,7039.317147492774
2025-07-11 03:00:00,7464.092962574047
2025-07-11 04:00:00,6811.851709626899
2025-07-11 05:00:00,6740.228509483776
2025-07-11 06:00:00,6154.948634294601
2025-07-11 07:00:00,6359.876070945821
2025-07-11 08:00:00,6413.904520652436
2025-07-11 09:00:00,5768.5202568781515
2025-07-11 10:00:00,5758.212275861897
2025-07-11 11:00:00,5563.474062348416
2025-07-11 12:00:00,5408.975735995414
2025-07-11 13:00:00,5998.623608191958
2025-07-11 14:00:00,6052.590318900217
2025-07-11 15:00:00,6403.352495613362
2025-07-11 16:00:00,7106.535331200971
2025-07-11 17:00:00,7446.464819366568
2025-07-11 18:00:00,8008.50096376279
2025-07-11 19:00:00,8314.944781123768
2025-07-11 20:00:00,8654.135938577616
2025-07-11 21:00:00,8546.235381458064
2025-07-11 22:00:00,7710.65026170329
2025-07-11 23:00:00,7994.397249418093
2025-07-12 00:00:00,7234.404622904298
2025-07-12 01:00:00,6616.605215346463
2025-07-12 02:00:00,6947.488337650238
2025-07-12 03:00:00,6481.401814659116
2025-07-12 04:00:00,6485.152095125655
2025-07-12 05:00:00,6394.53495564673
2025-07-12 06:00:00,6107.779548614386
2025-07-12 07:00:00,5768.6922188230665
2025-07-12 08:00:00,4823.083122351763
2025-07-12 09:00:00,3991.4694804065293
2025-07-12 10:00:00,4009.50775231827
2025-07-12 11:00:00,3733.174039163268
2025-07-12 12:00:00,4035.407801183147
2025-07-12 13:00:00,4243.45598278846
2025-07-12 14:00:00,4481.996956474178
2025-07-12 15:00:00,4170.354832045693
2025-07-12 16:00:00,5309.9096374666
2025-07-12 17:00:00,5072.74653776777
2025-07-12 18:00:00,4861.449957536969
2025-07-12 19:00:00,4733.200024575616
2025-07-12 20:00:00,4300.8511111362595
2025-07-12 21:00:00,4903.9077617694
2025-07-12 22:00:00,5095.891332237303
2025-07-12 23:00:00,5661.9426122275
2025-07-13 00:00:00,5767.0819542015715
2025-07-13 01:00:00,5485.2249620678085
2025-07-13 02:00:00,5735.492401443822
2025-07-13 03:00:00,5430.758349636256
2025-07-13 04:00:00,5840.420604720195
2025-07-13 05:00:00,5924.677348303383
2025-07-13 06:00:00,5052.944132418432
2025-07-13 07:00:00,4423.144646447658
2025-07-13 08:00:00,4063.872240755202
2025-07-13 09:00:00,3299.996141278418
2025-07-13 10:00:00,3281.852408655845
2025-07-13 11:00:00,2696.340318878305
2025-07-13 12:00:00,1663.5622240492462
2025-07-13 13:00:00,1831.5504110600148
2025-07-13 14:00:00,1959.9544552302204
2025-07-13 15:00:00,1965.0564941591936
2025-07-13 16:00:00,2471.1266568636493
2025-07-13 17:00:00,3416.8720599697185
2025-07-13 18:00:00,3586.3805345272785
2025-07-13 19:00:00,4189.065725954384
2025-07-13 20:00:00,4362.187740924416
2025-07-13 21:00:00,4979.521935128778
2025-07-13 22:00:00,5983.549264327129
2025-07-13 23:00:00,5191.9516612965335
2025-07-14 00:00:00,6998.53225382188
2025-07-14 01:00:00,6202.216341864266
2025-07-14 02:00:00,5962.741250458477
2025-07-14 03:00:00,5394.095194934691
2025-07-14 04:00:00,5333.124345694358
2025-07-14 05:00:00,5276.59597316572
2025-07-14 06:00:00,5878.269358993352
2025-07-14 07:00:00,5504.685041041883
2025-07-14 08:00:00,4837.772679927969
2025-07-14 09:00:00,4718.932271359473
2025-07-14 10:00:00,4678.0833017600535
2025-07-14 11:00:00,4379.6013120391635
2025-07-14 12:00:00,4796.419206226171
2025-07-14 13:00:00,5014.431132821731
2025-07-14 14:00:00,5188.129894280747
2025-07-14 15:00:00,5090.893156212409
2025-07-14 16:00:00,5431.193634765757
2025-07-14 17:00:00,7102.854123627225
2025-07-14 18:00:00,7871.708508415834
2025-07-14 19:00:00,7237.588808676272
2025-07-14 20:00:00,7434.89534312544
2025-07-14 21:00:00,7496.106976802492
2025-07-14 22:00:00,7182.518277660954
2025-07-14 23:00:00,7270.996138208651
2025-07-15 00:00:00,6563.7627240089405
2025-07-15 01:00:00,7168.235056193091
2025-07-15 02:00:00,6107.591930484659
2025-07-15 03:00:00,6274.798297056547
2025-07-15 04:00:00,5646.647076358317
2025-07-15 05:00:00,5033.898413596705
2025-07-15 06:00:00,5122.133412227266
2025-07-15 07:00:00,4932.24982027345
2025-07-15 08:00:00,4534.898667039931
2025-07-15 09:00:00,3906.4786884574182
2025-07-15 10:00:00,3668.4276543091396
2025-07-15 11:00:00,3729.2887429429525
2025-07-15 12:00:00,3831.010892379532
2025-07-15 13:00:00,4239.3980075
2025-07-15 14:00:00,4416.9777787028215
2025-07-15 15:00:00,4801.47986789413
2025-07-15 16:00:00,5027.305324697815
2025-07-15 17:00:00,5372.778644604964
2025-07-15 18:00:00,5276.061880088424
2025-07-15 19:00:00,5544.250814588879
2025-07-15 20:00:00,5610.912343872112
2025-07-15 21:00:00,6737.324589265417
2025-07-15 22:00:00,6268.341140892746
2025-07-15 23:00:00,6556.483573631807
2025-07-16 00:00:00,7069.1901480111155
2025-07-16 01:00:00,7707.492529300849
2025-07-16 02:00:00,6360.310779032654
2025-07-16 03:00:00,5799.603087955595
2025-07-16 04:00:00,5545.295651202396
2025-07-16 05:00:00,5483.32372076155
2025-07-16 06:00:00,4225.8367184410545
2025-07-16 07:00:00,4127.844464669869
2025-07-16 08:00:00,4080.845640194268
2025-07-16 09:00:00,3542.9462532808816
2025-07-16 10:00:00,2809.164114386667
2025-07-16 11:00:00,2456.3996288710805
2025-07-16 12:00:00,2853.131611750039
2025-07-16 13:00:00,3081.596438683079
2025-07-16 14:00:00,2886.084274592944
2025-07-16 15:00:00,3078.7886959146904
2025-07-16 16:00:00,3577.1698138505776
2025-07-16 17:00:00,4221.976665605111
2025-07-16 18:00:00,4489.807692125257
2025-07-16 19:00:00,5465.250132530199
2025-07-16 20:00:00,5987.636392970694
2025-07-16 21:00:00,6410.4893045980925
2025-07-16 22:00:00,6859.196135465275
2025-07-16 23:00:00,6769.575530082778
2025-07-17 00:00:00,7029.024876799481
2025-07-17 01:00:00,6757.203784269897
2025-07-17 02:00:00,6436.182426720111
2025-07-17 03:00:00,5235.544012077919
2025-07-17 04:00:00,5581.4697957701
2025-07-17 05:00:00,5375.91145575109
2025-07-17 06:00:00,4642.1803269850025
2025-07-17 07:00:00,3516.0138404180507
2025-07-17 08:00:00,3875.858391916403
2025-07-17 09:00:00,3302.589417879587
2025-07-17 10:00:00,2401.440326473414
2025-07-17 11:00:00,2034.9679608082072
2025-07-17 12:00:00,2571.3129206237995
2025-07-17 13:00:00,3168.445124289684
2025-07-17 14:00:00,4596.159377229244
2025-07-17 15:00:00,4913.3849597048475
2025-07-17 16:00:00,5556.816703551579
2025-07-17 17:00:00,5547.33580528818
2025-07-17 18:00:00,6467.459010267541
2025-07-17 19:00:00,6791.7735864635415
2025-07-17 20:00:00,7679.398352224356
2025-07-17 21:00:00,7458.059233827043
2025-07-17 22:00:00,7283.240060083173
2025-07-17 23:00:00,7104.249898647787
2025-07-18 00:00:00,6786.213742190463
2025-07-18 01:00:00,7990.598645014156
2025-07-18 02:00:00,8233.410900359342
2025-07-18 03:00:00,7579.524292856127
2025-07-18 04:00:00,6632.691631610418
2025-07-18 05:00:00,7407.55264162888
2025-07-18 06:00:00,7032.635621019707
2025-07-18 07:00:00,6183.646471203139
2025-07-18 08:00:00,5335.215303972933
2025-07-18 09:00:00,4887.482114870395
2025-07-18 10:00:00,4164.344038191259
2025-07-18 11:00:00,4148.276468464482
2025-07-18 12:00:00,4764.066519075933
2025-07-18 13:00:00,5252.380708973995
2025-07-18 14:00:00,5728.162501888574
2025-07-18 15:00:00,6901.4417952485755
2025-07-18 16:00:00,7036.149635556545
2025-07-18 17:00:00,7681.965052485141
2025-07-18 18:00:00,8310.194862632176
2025-07-18 19:00:00,9813.2884246577
2025-07-18 20:00:00,10129.885900747477
2025-07-18 21:00:00,9826.511054259707
2025-07-18 22:00:00,10122.680550708052
2025-07-18 23:00:00,10110.392865076945
2025-07-19 00:00:00,9202.600843719256
2025-07-19 01:00:00,8935.288573035927
2025-07-19 02:00:00,7901.068054929179
2025-07-19 03:00:00,7237.96110003663
2025-07-19 04:00:00,7151.8816835993
2025-07-19 05:00:00,6093.458421753484
2025-07-19 06:00:00,6014.204217920537
2025-07-19 07:00:00,5314.105584993007
2025-07-19 08:00:00,4998.058103187608
2025-07-19 09:00:00,3966.8032623193617
2025-07-19 10:00:00,3658.7666371237233
2025-07-19 11:00:00,3566.697035118695
2025-07-19 12:00:00,3157.9853126581406
2025-07-19 13:00:00,3202.0620712122877
2025-07-19 14:00:00,4074.4376381016227
2025-07-19 15:00:00,4999.523900500978
2025-07-19 16:00:00,5640.426706663034
2025-07-19 17:00:00,7032.081388482307
2025-07-19 18:00:00,7198.297548582597
2025-07-19 19:00:00,8241.162635131162
2025-07-19 20:00:00,7982.132229233509
2025-07-19 21:00:00,8308.057231814622
2025-07-19 22:00:00,8519.881011725785
2025-07-19 23:00:00,9287.819802979702
2025-07-20 00:00:00,9372.753567557598
2025-07-20 01:00:00,9008.451335599284
2025-07-20 02:00:00,9132.60876710785
2025-07-20 03:00:00,9508.69103448448
2025-07-20 04:00:00,9001.516053239933
2025-07-20 05:00:00,8319.134024008881
2025-07-20 06:00:00,7106.094911527759
2025-07-20 07:00:00,7455.502613065866
2025-07-20 08:00:00,6781.5693082304215
2025-07-20 09:00:00,5905.495969956778
2025-07-20 10:00:00,4786.894164030739
2025-07-20 11:00:00,4736.910614888135
2025-07-20 12:00:00,5473.511141323966
2025-07-20 13:00:00,4951.89388852082
2025-07-20 14:00:00,5570.972782495344
2025-07-20 15:00:00,6749.883183640365
2025-07-20 16:00:00,7970.913792335421
2025-07-20 17:00:00,8869.65726460881
2025-07-20 18:00:00,9666.348827313795
2025-07-20 19:00:00,10618.500356104914
2025-07-20 20:00:00,10903.94340113047
2025-07-20 21:00:00,10900.942714204288
2025-07-20 22:00:00,11129.314537932303
2025-07-20 23:00:00,10513.997296294963
2025-07-21 00:00:00,10343.059595814088
2025-07-21 01:00:00,8184.531100584823
2025-07-21 02:00:00,7966.220088770893
2025-07-21 03:00:00,7952.868210753652
2025-07-21 04:00:00,7593.896941292408
2025-07-21 05:00:00,7278.230472576061
2025-07-21 06:00:00,6733.261958405314
2025-07-21 07:00:00,6041.2247424602
2025-07-21 08:00:00,5937.439640698862
2025-07-21 09:00:00,5279.2876611424745
2025-07-21 10:00:00,4541.120457038768
2025-07-21 11:00:00,3781.328568873755
2025-07-21 12:00:00,4291.450122259274
2025-07-21 13:00:00,3881.4472083035275
2025-07-21 14:00:00,3951.968983667407
2025-07-21 15:00:00,4153.654437334886
2025-07-21 16:00:00,4410.424822311336
2025-07-21 17:00:00,5312.707069881387
2025-07-21 18:00:00,5611.954423460768
2025-07-21 19:00:00,6050.460948549594
2025-07-21 20:00:00,6255.538890213047
2025-07-21 21:00:00,6709.6684553271425
2025-07-21 22:00:00,6568.099909544449
2025-07-21 23:00:00,6681.511330278971
2025-07-22 00:00:00,5915.21798652377
2025-07-22 01:00:00,6279.86625900183
2025-07-22 02:00:00,6088.564736427551
2025-07-22 03:00:00,4894.715429142668
2025-07-22 04:00:00,4523.636097941728
2025-07-22 05:00:00,4366.217227065778
2025-07-22 06:00:00,4320.248151183264
2025-07-22 07:00:00,4557.325547083187
2025-07-22 08:00:00,3894.5837719008728
2025-07-22 09:00:00,3657.1765197919794
2025-07-22 10:00:00,3492.654284560192
2025-07-22 11:00:00,3033.709959699771
2025-07-22 12:00:00,3298.370594618644
2025-07-22 13:00:00,3324.5851284636688
2025-07-22 14:00:00,3606.4408801766263
2025-07-22 15:00:00,3830.988470990994
2025-07-22 16:00:00,4518.377633495618
2025-07-22 17:00:00,5938.716649655654
2025-07-22 18:00:00,6272.9777120544595
2025-07-22 19:00:00,6833.809335005327
2025-07-22 20:00:00,6670.107921710403
2025-07-22 21:00:00,6391.930382818577
2025-07-22 22:00:00,7443.129397236931
2025-07-22 23:00:00,6775.203747599493
2025-07-23 00:00:00,6343.143167460521
2025-07-23 01:00:00,6343.43238423635
2025-07-23 02:00:00,5815.803771049361
2025-07-23 03:00:00,5123.094111739096
2025-07-23 04:00:00,5115.719643512064
2025-07-23 05:00:00,4434.757678045921
2025-07-23 06:00:00,3979.668188927944
2025-07-23 07:00:00,3846.2082613795474
2025-07-23 08:00:00,3516.755395052902
2025-07-23 09:00:00,2789.965416067942
2025-07-23 10:00:00,2511.9816592941124
2025-07-23 11:00:00,2773.4650128134776
2025-07-23 12:00:00,3619.873395996911
2025-07-23 13:00:00,4433.9609005302045
2025-07-23 14:00:00,5156.315033513866
2025-07-23 15:00:00,5300.41992282039
2025-07-23 16:00:00,5471.437478247386
2025-07-23 17:00:00,5819.786238284064
2025-07-23 18:00:00,5621.453797397579
2025-07-23 19:00:00,5863.050203884496
2025-07-23 20:00:00,5708.755746866961
2025-07-23 21:00:00,5863.588460202725
2025-07-23 22:00:00,6038.2360665584865
2025-07-23 23:00:00,6905.709827787315
2025-07-24 00:00:00,6692.245780504635
2025-07-24 01:00:00,7037.519404321454
2025-07-24 02:00:00,7876.627279298281
2025-07-24 03:00:00,7944.5297633491455
2025-07-24 04:00:00,7390.750691187376
2025-07-24 05:00:00,8401.412531521897
2025-07-24 06:00:00,7768.525410679625
2025-07-24 07:00:00,6961.9392745344385
2025-07-24 08:00:00,6169.175649777918
2025-07-24 09:00:00,5687.156881865028
2025-07-24 10:00:00,5178.147603925936
2025-07-24 11:00:00,5017.39547980366
2025-07-24 12:00:00,5121.88141443493
2025-07-24 13:00:00,5972.085066728628
2025-07-24 14:00:00,5544.232530619828
2025-07-24 15:00:00,5982.631445060794
2025-07-24 16:00:00,6049.618452663321
2025-07-24 17:00:00,5880.374159930265
2025-07-24 18:00:00,6084.173399042755
2025-07-24 19:00:00,7587.52727643103
2025-07-24 20:00:00,7863.417237023437
2025-07-24 21:00:00,8045.376127553282
2025-07-24 22:00:00,8791.277730611719
2025-07-24 23:00:00,9292.648577357277
2025-07-25 00:00:00,9747.30302311148
2025-07-25 01:00:00,10143.558312602821
2025-07-25 02:00:00,10644.523704276826
2025-07-25 03:00:00,9395.847380536186
2025-07-25 04:00:00,9365.9538423074
2025-07-25 05:00:00,8518.26626404204
2025-07-25 06:00:00,7817.837970893787
2025-07-25 07:00:00,7896.475256461834
2025-07-25 08:00:00,6230.727851353733
2025-07-25 09:00:00,6053.564713918333
2025-07-25 10:00:00,4631.884966363391
2025-07-25 11:00:00,4650.0552029989885
2025-07-25 12:00:00,4824.024617957178
2025-07-25 13:00:00,4966.086917202138
2025-07-25 14:00:00,4533.5286992587235
2025-07-25 15:00:00,4335.996188060485
2025-07-25 16:00:00,4507.91764598768
2025-07-25 17:00:00,5294.550308052316
2025-07-25 18:00:00,5828.309456349854
2025-07-25 19:00:00,5989.507251042986
2025-07-25 20:00:00,5775.120080110359
2025-07-25 21:00:00,5838.424139118361
2025-07-25 22:00:00,6284.113862032374
2025-07-25 23:00:00,6343.299788899491
2025-07-26 00:00:00,6144.68052587522
2025-07-26 01:00:00,6158.9004049355535
2025-07-26 02:00:00,5787.236561099488
2025-07-26 03:00:00,6026.126010502298
2025-07-26 04:00:00,6219.077360722184
2025-07-26 05:00:00,5580.992118557822
2025-07-26 06:00:00,6067.857691647537
2025-07-26 07:00:00,5268.921105853433
2025-07-26 08:00:00,4082.650172055853
2025-07-26 09:00:00,3247.569120728409
2025-07-26 10:00:00,2723.6596171254255
2025-07-26 11:00:00,2208.7604255676324
2025-07-26 12:00:00,2174.7928715901967
2025-07-26 13:00:00,1549.0177256665688
2025-07-26 14:00:00,1808.6913348276012
2025-07-26 15:00:00,2076.842971240005
2025-07-26 16:00:00,2587.7310397828205
2025-07-26 17:00:00,3509.4319350664587
2025-07-26 18:00:00,3382.3371025709407
2025-07-26 19:00:00,3870.564150152734
2025-07-26 20:00:00,4459.565866677296
2025-07-26 21:00:00,4812.609809446566
2025-07-26 22:00:00,4832.659897685235
2025-07-26 23:00:00,6112.772138901318
2025-07-27 00:00:00,5359.064295260984
2025-07-27 01:00:00,5291.005621109288
2025-07-27 02:00:00,4744.772999639632
2025-07-27 03:00:00,4801.991397231415
2025-07-27 04:00:00,4389.124481480146
2025-07-27 05:00:00,4714.420559800853
2025-07-27 06:00:00,4142.324155259341
2025-07-27 07:00:00,3547.685275487068
2025-07-27 08:00:00,3076.1024263505874
2025-07-27 09:00:00,3071.703998306582
2025-07-27 10:00:00,2427.287735530343
2025-07-27 11:00:00,1732.1084216307947
2025-07-27 12:00:00,1833.3772987631671
2025-07-27 13:00:00,1509.6916541396984
2025-07-27 14:00:00,1348.808818081358
2025-07-27 15:00:00,1987.7290387640794
2025-07-27 16:00:00,2915.4614757067293
2025-07-27 17:00:00,3552.1281689553775
2025-07-27 18:00:00,3961.0056163185454
2025-07-27 19:00:00,5073.847641533533
2025-07-27 20:00:00,5886.684802938942
2025-07-27 21:00:00,5525.534872137838
2025-07-27 22:00:00,6523.826563886946
2025-07-27 23:00:00,6239.236341403123
2025-07-28 00:00:00,6445.095041991299
2025-07-28 01:00:00,4480.830450900785
2025-07-28 02:00:00,3608.0552949838043
2025-07-28 03:00:00,3979.457671499302
2025-07-28 04:00:00,4262.902821315551
2025-07-28 05:00:00,3786.1819796984087
2025-07-28 06:00:00,3658.4043749784805
2025-07-28 07:00:00,3652.4972309179852
2025-07-28 08:00:00,3768.993905028123
2025-07-28 09:00:00,3422.88291092711
2025-07-28 10:00:00,3728.154449027488
2025-07-28 11:00:00,3190.524563674736
2025-07-28 12:00:00,3733.324724244958
2025-07-28 13:00:00,3337.3925624623207
2025-07-28 14:00:00,3143.4952409122384
2025-07-28 15:00:00,3314.3497687665417
2025-07-28 16:00:00,3421.8443031026673
2025-07-28 17:00:00,4100.215053837665
2025-07-28 18:00:00,4433.795711246534
2025-07-28 19:00:00,4801.1931391836
2025-07-28 20:00:00,5744.680442591206
2025-07-28 21:00:00,7448.017250991429
2025-07-28 22:00:00,7329.127250351488
2025-07-28 23:00:00,7941.616224682798
2025-07-29 00:00:00,8405.251207155776
2025-07-29 01:00:00,8134.272433910915
2025-07-29 02:00:00,8497.948706853284
2025-07-29 03:00:00,9387.746799046017
2025-07-29 04:00:00,8415.242912688856
2025-07-29 05:00:00,8326.535299867204
2025-07-29 06:00:00,8034.539267790223
2025-07-29 07:00:00,7527.229498410431
2025-07-29 08:00:00,7705.892371422869
2025-07-29 09:00:00,7050.03924233081
2025-07-29 10:00:00,5472.752082154141
2025-07-29 11:00:00,5129.081923749684
2025-07-29 12:00:00,4714.543776329881
2025-07-29 13:00:00,5114.61569271192
2025-07-29 14:00:00,5272.3413933330685
2025-07-29 15:00:00,5283.942879599111
2025-07-29 16:00:00,4647.87842871272
2025-07-29 17:00:00,4906.552221020943
2025-07-29 18:00:00,5144.191577266602
2025-07-29 19:00:00,5350.3924814365
2025-07-29 20:00:00,5108.116489548442
2025-07-29 21:00:00,5005.320341502774
2025-07-29 22:00:00,4716.6118854351525
2025-07-29 23:00:00,6145.754493052434
2025-07-30 00:00:00,6220.083065381909
2025-07-30 01:00:00,5705.067689558838
2025-07-30 02:00:00,5540.442128665044
2025-07-30 03:00:00,6237.716486187699
2025-07-30 04:00:00,6239.817973764412
2025-07-30 05:00:00,6282.698531648989
2025-07-30 06:00:00,5873.4970561973805
2025-07-30 07:00:00,5781.436868858176
2025-07-30 08:00:00,4724.484844579131
2025-07-30 09:00:00,4244.132102886341
2025-07-30 10:00:00,4133.646036749552
2025-07-30 11:00:00,2919.9224677672555
2025-07-30 12:00:00,2424.4608931634925
2025-07-30 13:00:00,1874.8279472626525
2025-07-30 14:00:00,1970.8337758893379
2025-07-30 15:00:00,1797.5501680653929
2025-07-30 16:00:00,2221.9509858006
2025-07-30 17:00:00,2924.247438881439
2025-07-30 18:00:00,3213.1008589966514
2025-07-30 19:00:00,3477.4411115390108
2025-07-30 20:00:00,3863.843120844843
2025-07-30 21:00:00,4161.9991584189165
2025-07-30 22:00:00,4861.964923585998
2025-07-30 23:00:00,4873.836691260102
2025-07-31 00:00:00,5075.141125789002
2025-07-31 01:00:00,5848.3861985254725
2025-07-31 02:00:00,5825.367397193006
2025-07-31 03:00:00,5394.742712092668
2025-07-31 04:00:00,5342.937706177426
2025-07-31 05:00:00,5765.968614344682
2025-07-31 06:00:00,5909.6610743798
2025-07-31 07:00:00,5579.93901380931
2025-07-31 08:00:00,4519.845038258059
2025-07-31 09:00:00,4266.145260594942
2025-07-31 10:00:00,3762.0336390710054
2025-07-31 11:00:00,2914.8151808694583
2025-07-31 12:00:00,2195.428429345447
2025-07-31 13:00:00,1637.2578615008226
2025-07-31 14:00:00,1644.9803406773347
2025-07-31 15:00:00,2124.6439274427594
2025-07-31 16:00:00,2211.9204159065976
2025-07-31 17:00:00,2942.0419963480363
2025-07-31 18:00:00,2898.631100053429
2025-07-31 19:00:00,3116.1027774853496
2025-07-31 20:00:00,4174.661925808023
2025-07-31 21:00:00,4803.967636187467
2025-07-31 22:00:00,4503.672868730491
2025-07-31 23:00:00,4778.811486881614
2025-08-01 00:00:00,5988.948721767973
2025-08-01 01:00:00,5908.777327626536
2025-08-01 02:00:00,5558.700581174833
2025-08-01 03:00:00,4981.482904478822
2025-08-01 04:00:00,4600.048563716986
2025-08-01 05:00:00,4658.904995701862
2025-08-01 06:00:00,4545.3380210390205
2025-08-01 07:00:00,3825.1782793300463
2025-08-01 08:00:00,4174.230392184299
2025-08-01 09:00:00,3828.12902403936
2025-08-01 10:00:00,3867.391658529367
2025-08-01 11:00:00,3193.677684414613
2025-08-01 12:00:00,3233.386191410664
2025-08-01 13:00:00,3887.169309206607
2025-08-01 14:00:00,4066.8336604511856
2025-08-01 15:00:00,4264.435767158011
2025-08-01 16:00:00,5355.170596328332
2025-08-01 17:00:00,5268.577433437337
2025-08-01 18:00:00,5110.613708146135
2025-08-01 19:00:00,6168.216856502246
2025-08-01 20:00:00,6308.398804735377
2025-08-01 21:00:00,6223.853775439433
2025-08-01 22:00:00,6346.045913977241
2025-08-01 23:00:00,6018.591412981495
2025-08-02 00:00:00,6643.724253792919
2025-08-02 01:00:00,6512.28616599631
2025-08-02 02:00:00,6772.542241964511
2025-08-02 03:00:00,6186.09445732993
2025-08-02 04:00:00,5969.401728064652
2025-08-02 05:00:00,6017.3201011919655
2025-08-02 06:00:00,5704.886756491542
2025-08-02 07:00:00,5535.62275602369
2025-08-02 08:00:00,5189.989740796433
2025-08-02 09:00:00,4937.217019957074
2025-08-02 10:00:00,4481.947047823269
2025-08-02 11:00:00,4126.4096342139055
2025-08-02 12:00:00,3430.0702956627806
2025-08-02 13:00:00,3867.7998689421843
2025-08-02 14:00:00,4194.119642890184
2025-08-02 15:00:00,4005.829467142909
2025-08-02 16:00:00,4853.611276255853
2025-08-02 17:00:00,5085.181457739807
2025-08-02 18:00:00,7404.834808162884
2025-08-02 19:00:00,7881.96062744864
2025-08-02 20:00:00,8082.568999254532
2025-08-02 21:00:00,8421.62759645863
2025-08-02 22:00:00,8365.78350711406
2025-08-02 23:00:00,7834.7742293947795
2025-08-03 00:00:00,8204.066565174306
2025-08-03 01:00:00,7298.983288121126
2025-08-03 02:00:00,7798.113323325733
2025-08-03 03:00:00,8017.6452769456155
2025-08-03 04:00:00,7201.703426652942
2025-08-03 05:00:00,7740.885163230961
2025-08-03 06:00:00,8006.199957469067
2025-08-03 07:00:00,7471.791319335748
2025-08-03 08:00:00,6561.119960366313
2025-08-03 09:00:00,5689.9367784510205
2025-08-03 10:00:00,4545.175797964849
2025-08-03 11:00:00,4589.233087158577
2025-08-03 12:00:00,4407.972533419926
2025-08-03 13:00:00,3392.0064110404805
2025-08-03 14:00:00,3701.190869359014
2025-08-03 15:00:00,3857.407185099777
2025-08-03 16:00:00,4455.790872251591
2025-08-03 17:00:00,5183.229232100838
2025-08-03 18:00:00,4903.985067266102
2025-08-03 19:00:00,5930.864440040427
2025-08-03 20:00:00,5717.261169203478
2025-08-03 21:00:00,6159.648397695176
2025-08-03 22:00:00,6972.9891032258
2025-08-03 23:00:00,7324.500629884025
2025-08-04 00:00:00,8696.877109669424
2025-08-04 01:00:00,7842.967674986366
2025-08-04 02:00:00,8116.624656228678
2025-08-04 03:00:00,8428.573554171382
2025-08-04 04:00:00,7982.333894165749
2025-08-04 05:00:00,8409.782507885728
2025-08-04 06:00:00,7821.091316102296
2025-08-04 07:00:00,6645.177590212552
2025-08-04 08:00:00,5586.2038814350335
2025-08-04 09:00:00,5290.943111243686
2025-08-04 10:00:00,4792.340477074805
2025-08-04 11:00:00,4401.233708370452
2025-08-04 12:00:00,4344.299055730865
2025-08-04 13:00:00,4261.8647546210495
2025-08-04 14:00:00,4364.135285400928
2025-08-04 15:00:00,4882.8916284238585
2025-08-04 16:00:00,4952.412435787782
2025-08-04 17:00:00,5983.548435778129
2025-08-04 18:00:00,6268.764370550098
2025-08-04 19:00:00,6425.920042375395
2025-08-04 20:00:00,6228.089418885616
2025-08-04 21:00:00,6640.039412937803
2025-08-04 22:00:00,7714.0699044164785
2025-08-04 23:00:00,7856.610290482897
2025-08-05 00:00:00,7476.532680456971
2025-08-05 01:00:00,8183.817584168477
2025-08-05 02:00:00,8043.888594533509
2025-08-05 03:00:00,7318.0333514588365
2025-08-05 04:00:00,6094.145626602588
2025-08-05 05:00:00,6110.929784480327
2025-08-05 06:00:00,6585.214630605449
2025-08-05 07:00:00,5753.046018732974
2025-08-05 08:00:00,5697.544951450366
2025-08-05 09:00:00,4542.006101493834
2025-08-05 10:00:00,4305.651542837242
2025-08-05 11:00:00,3924.173206016018
2025-08-05 12:00:00,4266.311606053302
2025-08-05 13:00:00,3843.991994903553
2025-08-05 14:00:00,3968.325946562814
2025-08-05 15:00:00,4322.930700580584
2025-08-05 16:00:00,4478.07701035018
2025-08-05 17:00:00,5219.541258608004
2025-08-05 18:00:00,5461.963165573932
2025-08-05 19:00:00,5667.661450849946
2025-08-05 20:00:00,5933.075572251517
2025-08-05 21:00:00,6196.551624918908
2025-08-05 22:00:00,6835.549003060477
2025-08-05 23:00:00,6853.221052054856
2025-08-06 00:00:00,8339.607548043434
2025-08-06 01:00:00,8985.208116259366
2025-08-06 02:00:00,8693.02538548893
2025-08-06 03:00:00,7851.108227293302
2025-08-06 04:00:00,7414.0086201661525
2025-08-06 05:00:00,6621.972835520314
2025-08-06 06:00:00,6610.467305098581
2025-08-06 07:00:00,5787.497330353287
2025-08-06 08:00:00,5152.371371870203
2025-08-06 09:00:00,4051.850233469313
2025-08-06 10:00:00,3641.5608973369312
2025-08-06 11:00:00,3370.455658392272
2025-08-06 12:00:00,3973.5062561179334
2025-08-06 13:00:00,4083.9100513395815
2025-08-06 14:00:00,3867.6795382449454
2025-08-06 15:00:00,4724.587440376887
2025-08-06 16:00:00,4916.805565054653
2025-08-06 17:00:00,5603.517611956965
2025-08-06 18:00:00,6299.087749219317
2025-08-06 19:00:00,6334.7234957426035
2025-08-06 20:00:00,6707.914385830794
2025-08-06 21:00:00,7508.593703374393
2025-08-06 22:00:00,8262.252668525967
2025-08-06 23:00:00,7577.7225186518
2025-08-07 00:00:00,6871.437131614082
2025-08-07 01:00:00,6639.103256134197
2025-08-07 02:00:00,5691.093020616598
2025-08-07 03:00:00,5793.256228082796
2025-08-07 04:00:00,5592.611421590117
2025-08-07 05:00:00,4904.3260798397705
2025-08-07 06:00:00,4637.808121883068
2025-08-07 07:00:00,4446.264945002262
2025-08-07 08:00:00,4140.3985283568045
2025-08-07 09:00:00,3434.1331187902138
2025-08-07 10:00:00,2888.5373585970365
2025-08-07 11:00:00,2832.13897394227
2025-08-07 12:00:00,2620.3861879369474
2025-08-07 13:00:00,2981.738075294905
2025-08-07 14:00:00,3471.700191916208
2025-08-07 15:00:00,3595.4332009314853
2025-08-07 16:00:00,3982.1422919405886
2025-08-07 17:00:00,4661.454030449515
2025-08-07 18:00:00,5542.918748290528
2025-08-07 19:00:00,6098.687913442091
2025-08-07 20:00:00,6841.075057185874
2025-08-07 21:00:00,7321.777390820463
2025-08-07 22:00:00,6508.19653002662
2025-08-07 23:00:00,6464.326573826497
2025-08-08 00:00:00,6884.635972074804
2025-08-08 01:00:00,6558.205354265419
2025-08-08 02:00:00,6215.964088434552
2025-08-08 03:00:00,4706.917159891545
2025-08-08 04:00:00,4359.7484484235765
2025-08-08 05:00:00,4156.3000273232155
2025-08-08 06:00:00,4160.294008074406
2025-08-08 07:00:00,3505.459420199785
2025-08-08 08:00:00,3251.352603025999
2025-08-08 09:00:00,2220.076331255984
2025-08-08 10:00:00,2127.513969192098
2025-08-08 11:00:00,2120.2760321888527
2025-08-08 12:00:00,2044.6298322780033
2025-08-08 13:00:00,2292.3324655865126
2025-08-08 14:00:00,2327.5678797184937
2025-08-08 15:00:00,3906.5637248006633
2025-08-08 16:00:00,3552.5986731460453
2025-08-08 17:00:00,4339.391557826897
2025-08-08 18:00:00,5552.6977724471035
2025-08-08 19:00:00,6398.768385244888
2025-08-08 20:00:00,6561.579547437776
2025-08-08 21:00:00,6437.884547641234
2025-08-08 22:00:00,7003.9566895615735
2025-08-08 23:00:00,5944.974738042157
2025-08-09 00:00:00,5083.001183633049
2025-08-09 01:00:00,4470.564573318867
2025-08-09 02:00:00,4093.001587544075
2025-08-09 03:00:00,3725.1218002337023
2025-08-09 04:00:00,3451.904288026657
2025-08-09 05:00:00,3374.6566629735153
2025-08-09 06:00:00,3133.589397784852
2025-08-09 07:00:00,2628.210988660475
2025-08-09 08:00:00,2556.1799322528605
2025-08-09 09:00:00,1741.0411373293684
2025-08-09 10:00:00,1576.9966177581423
2025-08-09 11:00:00,1588.6158835510366
2025-08-09 12:00:00,1532.7773216590506
2025-08-09 13:00:00,1539.5852458042914
2025-08-09 14:00:00,1888.1572351959132
2025-08-09 15:00:00,2098.10224804116
2025-08-09 16:00:00,2749.981249598188
2025-08-09 17:00:00,3181.645394697889
2025-08-09 18:00:00,3345.790314295942
2025-08-09 19:00:00,4054.3802792048054
2025-08-09 20:00:00,5264.65229719244
2025-08-09 21:00:00,5782.707287568145
2025-08-09 22:00:00,5246.674854765509
2025-08-09 23:00:00,5366.59867353848
2025-08-10 00:00:00,4771.670660229149
2025-08-10 01:00:00,4889.9236616395165
2025-08-10 02:00:00,3763.22872917271
2025-08-10 03:00:00,4075.841989299982
2025-08-10 04:00:00,4399.232566373939
2025-08-10 05:00:00,3611.584307248671
2025-08-10 06:00:00,4043.0816671604775
2025-08-10 07:00:00,3389.1491961758397
2025-08-10 08:00:00,3005.4771035859562
2025-08-10 09:00:00,2621.5652199837314
2025-08-10 10:00:00,2568.0838934372255
2025-08-10 11:00:00,2649.8184754679014
2025-08-10 12:00:00,2413.9461632554285
2025-08-10 13:00:00,2441.9066376187707
2025-08-10 14:00:00,2550.2421561697934
2025-08-10 15:00:00,2755.2535892783385
2025-08-10 16:00:00,2771.863911709471
2025-08-10 17:00:00,2870.4155689870922
2025-08-10 18:00:00,4264.347680444748
2025-08-10 19:00:00,4777.887080177162
2025-08-10 20:00:00,5816.622588080402
2025-08-10 21:00:00,6352.049533569883
2025-08-10 22:00:00,6542.2305530457725
2025-08-10 23:00:00,7421.359239700676
2025-08-11 00:00:00,6294.6679903193035
2025-08-11 01:00:00,6149.063517849148
2025-08-11 02:00:00,4910.142590432708
2025-08-11 03:00:00,4960.2234156705845
2025-08-11 04:00:00,4145.931613708526
2025-08-11 05:00:00,3288.2733896675895
2025-08-11 06:00:00,2887.0447705794986
2025-08-11 07:00:00,2730.6520808216187
2025-08-11 08:00:00,1792.9922367604013
2025-08-11 09:00:00,1423.3170465019134
2025-08-11 10:00:00,1693.8260976029983
2025-08-11 11:00:00,1432.6981156027898
2025-08-11 12:00:00,1429.7724926666456
2025-08-11 13:00:00,1411.336760737029
2025-08-11 14:00:00,1506.5515674998658
2025-08-11 15:00:00,1732.5398824969395
2025-08-11 16:00:00,2461.4795471171124
2025-08-11 17:00:00,2436.012689349567
2025-08-11 18:00:00,2659.932597135398
2025-08-11 19:00:00,2835.54356347983
2025-08-11 20:00:00,3775.524740853407
2025-08-11 21:00:00,3727.192852886894
2025-08-11 22:00:00,4610.9823711488625
2025-08-11 23:00:00,4679.346273728517
2025-08-12 00:00:00,5102.256871781727
2025-08-12 01:00:00,4663.2331107064965
2025-08-12 02:00:00,4887.855000917884
2025-08-12 03:00:00,4127.0963511534765
2025-08-12 04:00:00,2927.267177786434
2025-08-12 05:00:00,3306.7115500069785
2025-08-12 06:00:00,3068.4545762027965
2025-08-12 07:00:00,2913.3492432140756
2025-08-12 08:00:00,2552.6072393498034
2025-08-12 09:00:00,2545.699882806405
2025-08-12 10:00:00,1951.049458637098
2025-08-12 11:00:00,1473.4259839427334
2025-08-12 12:00:00,1433.1585274395875
2025-08-12 13:00:00,1361.3990425553727
2025-08-12 14:00:00,2135.1830258993423
2025-08-12 15:00:00,2849.58929981766
2025-08-12 16:00:00,2880.9690653127327
2025-08-12 17:00:00,3650.4013404774532
2025-08-12 18:00:00,3251.3463529347755
2025-08-12 19:00:00,4475.826623284983
2025-08-12 20:00:00,4759.030603485576
2025-08-12 21:00:00,5380.561066850374
2025-08-12 22:00:00,5853.467883217636
2025-08-12 23:00:00,5254.730400946323
2025-08-13 00:00:00,6849.436390224638
2025-08-13 01:00:00,7132.359069421468
2025-08-13 02:00:00,5462.114698313318
2025-08-13 03:00:00,4578.533752368483
2025-08-13 04:00:00,4420.750028140573
2025-08-13 05:00:00,4020.88389081138
2025-08-13 06:00:00,4026.68204480071
2025-08-13 07:00:00,4066.4248338373773
2025-08-13 08:00:00,3715.6798097348774
2025-08-13 09:00:00,2358.0957479211697
2025-08-13 10:00:00,2401.800083724293
2025-08-13 11:00:00,2111.0628118105374
2025-08-13 12:00:00,2171.8969499155232
2025-08-13 13:00:00,2784.774649441904
2025-08-13 14:00:00,3187.226091753041
2025-08-13 15:00:00,3788.565029898675
2025-08-13 16:00:00,3956.348658991732
2025-08-13 17:00:00,4147.840313316084
2025-08-13 18:00:00,4402.797518615836
2025-08-13 19:00:00,5007.6596283665085
2025-08-13 20:00:00,5058.902147998287
2025-08-13 21:00:00,5849.845864906121
2025-08-13 22:00:00,6357.635260893344
2025-08-13 23:00:00,5947.3720753266925
2025-08-14 00:00:00,6520.99001792419
2025-08-14 01:00:00,5427.988608537699
2025-08-14 02:00:00,5238.337223246541
2025-08-14 03:00:00,4881.046390829396
2025-08-14 04:00:00,5122.964396366166
2025-08-14 05:00:00,4912.341810620091
2025-08-14 06:00:00,4811.761922998421
2025-08-14 07:00:00,4672.5240457835325
2025-08-14 08:00:00,4092.4024035703337
2025-08-14 09:00:00,3849.1047543147033
2025-08-14 10:00:00,3531.7551719520893
2025-08-14 11:00:00,2959.979866092636
2025-08-14 12:00:00,3088.7698443627005
2025-08-14 13:00:00,3848.6945719689675
2025-08-14 14:00:00,3834.2745059555577
2025-08-14 15:00:00,4295.03334085386
2025-08-14 16:00:00,4774.6442769517835
2025-08-14 17:00:00,5757.35329612447
2025-08-14 18:00:00,5939.987482514046
2025-08-14 19:00:00,6645.899150451791
2025-08-14 20:00:00,6429.581585158687
2025-08-14 21:00:00,6512.530004052246
2025-08-14 22:00:00,7464.566100159913
2025-08-14 23:00:00,7996.393720236988
2025-08-15 00:00:00,6325.266027630028
2025-08-15 01:00:00,5833.0934688164625
2025-08-15 02:00:00,5226.155723944022
2025-08-15 03:00:00,5611.131294922331
2025-08-15 04:00:00,4648.168558438582
2025-08-15 05:00:00,3896.9702204025816
2025-08-15 06:00:00,3477.9124249831907
2025-08-15 07:00:00,4151.545926664001
2025-08-15 08:00:00,3169.6413108880065
2025-08-15 09:00:00,2513.4567332681154
2025-08-15 10:00:00,2211.887454676708
2025-08-15 11:00:00,2066.1477443370063
2025-08-15 12:00:00,2036.9750717426361
2025-08-15 13:00:00,2327.909116429829
2025-08-15 14:00:00,2328.002674799658
2025-08-15 15:00:00,2802.0200005638317
2025-08-15 16:00:00,3549.2402522636894
2025-08-15 17:00:00,4114.257775243374
2025-08-15 18:00:00,4430.0873485428165
2025-08-15 19:00:00,4356.90041178011
2025-08-15 20:00:00,5348.2684779486535
2025-08-15 21:00:00,5722.644721956359
2025-08-15 22:00:00,5806.827248593027
2025-08-15 23:00:00,6002.7448174599285
2025-08-16 00:00:00,5655.11557557112
2025-08-16 01:00:00,4316.264373103888
2025-08-16 02:00:00,3573.608312213479
2025-08-16 03:00:00,3522.5025625554513
2025-08-16 04:00:00,3410.2409266915315
2025-08-16 05:00:00,3222.731575579535
2025-08-16 06:00:00,2511.622192218409
2025-08-16 07:00:00,2550.4910018896317
2025-08-16 08:00:00,2889.559455235775
2025-08-16 09:00:00,1840.2765623016985
2025-08-16 10:00:00,1346.8476397210802
2025-08-16 11:00:00,2151.4037198946826
2025-08-16 12:00:00,1814.7546635340896
2025-08-16 13:00:00,2321.6203915676692
2025-08-16 14:00:00,2683.771701857458
2025-08-16 15:00:00,3003.5566446223447
2025-08-16 16:00:00,4133.036761738474
2025-08-16 17:00:00,5715.286528554708
2025-08-16 18:00:00,6061.102954724304
2025-08-16 19:00:00,7005.030355375626
2025-08-16 20:00:00,7917.5025125604325
2025-08-16 21:00:00,7983.6989359739355
2025-08-16 22:00:00,7167.938391950569
2025-08-16 23:00:00,6870.039151827527
2025-08-17 00:00:00,4896.415958181644
2025-08-17 01:00:00,4292.260591687883
2025-08-17 02:00:00,4541.698003142169
2025-08-17 03:00:00,4142.208627284423
2025-08-17 04:00:00,3832.895533768697
2025-08-17 05:00:00,3928.710777867587
2025-08-17 06:00:00,3837.7780688107046
2025-08-17 07:00:00,3620.9861262354734
2025-08-17 08:00:00,4102.086614831652
2025-08-17 09:00:00,2442.881372175323
2025-08-17 10:00:00,1916.1774706517288
2025-08-17 11:00:00,1901.4598711547535
2025-08-17 12:00:00,2057.696842630345
2025-08-17 13:00:00,2635.4527157025336
2025-08-17 14:00:00,3674.4733127810887
2025-08-17 15:00:00,4201.752983295217
2025-08-17 16:00:00,4683.723049287146
2025-08-17 17:00:00,6059.640423260321
2025-08-17 18:00:00,5723.002894232603
2025-08-17 19:00:00,5439.319082752043
2025-08-17 20:00:00,5763.991941333504
2025-08-17 21:00:00,8524.467601518907
2025-08-17 22:00:00,7855.918740696229
2025-08-17 23:00:00,7197.61465696704
2025-08-18 00:00:00,6349.261816039576
2025-08-18 01:00:00,4868.1370338142615
2025-08-18 02:00:00,4456.818224138941
2025-08-18 03:00:00,4016.7528837135087
2025-08-18 04:00:00,3774.0930365780882
2025-08-18 05:00:00,3872.586965439199
2025-08-18 06:00:00,3606.450071881123
2025-08-18 07:00:00,3177.586949632605
2025-08-18 08:00:00,3368.4272174265047
2025-08-18 09:00:00,3385.585315286982
2025-08-18 10:00:00,3337.3435896702954
2025-08-18 11:00:00,3987.5446057057407
2025-08-18 12:00:00,4412.920408138259
2025-08-18 13:00:00,4824.178992438296
2025-08-18 14:00:00,6563.043828558237
2025-08-18 15:00:00,6538.862564474431
2025-08-18 16:00:00,6311.379961674224
2025-08-18 17:00:00,5988.107779160619
2025-08-18 18:00:00,6095.253233132532
2025-08-18 19:00:00,5923.676088813368
2025-08-18 20:00:00,5647.508728670789
2025-08-18 21:00:00,5881.626311545955
2025-08-18 22:00:00,6318.119209446105
2025-08-18 23:00:00,5612.157274515105
2025-08-19 00:00:00,4399.572059085781
2025-08-19 01:00:00,4724.545411997688
2025-08-19 02:00:00,4223.881026656183
2025-08-19 03:00:00,4848.675856673564
2025-08-19 04:00:00,4600.9337652520135
2025-08-19 05:00:00,5055.194596255757
2025-08-19 06:00:00,4770.4096410714665
2025-08-19 07:00:00,4466.329203142382
2025-08-19 08:00:00,3252.5735154733443
2025-08-19 09:00:00,2761.2913731796702
2025-08-19 10:00:00,2496.8826573555025
2025-08-19 11:00:00,2519.6586546168187
2025-08-19 12:00:00,2818.395355949481
2025-08-19 13:00:00,2975.5354036063013
2025-08-19 14:00:00,3655.5117546621973
2025-08-19 15:00:00,4443.5838009935205
2025-08-19 16:00:00,4661.3917096294035
2025-08-19 17:00:00,5002.295788683215
2025-08-19 18:00:00,5388.495187186651
2025-08-19 19:00:00,5464.806702043358
2025-08-19 20:00:00,5692.303113740547
2025-08-19 21:00:00,5597.701026582374
2025-08-19 22:00:00,5240.99312608925
2025-08-19 23:00:00,5454.871337309288
2025-08-20 00:00:00,4751.441157111279
2025-08-20 01:00:00,6284.153480045911
2025-08-20 02:00:00,6472.432761694418
2025-08-20 03:00:00,6859.690628537316
2025-08-20 04:00:00,5688.449757092348
2025-08-20 05:00:00,6409.753394437312
2025-08-20 06:00:00,7680.810852905823
2025-08-20 07:00:00,6504.721620731557
2025-08-20 08:00:00,5240.434800024423
2025-08-20 09:00:00,2967.556549644733
2025-08-20 10:00:00,1946.211525411868
2025-08-20 11:00:00,2219.6697364377937
2025-08-20 12:00:00,2257.3643075723803
2025-08-20 13:00:00,2185.6600081260185
2025-08-20 14:00:00,2739.1804333718405
2025-08-20 15:00:00,2990.149514037296
2025-08-20 16:00:00,3745.6304830322097
2025-08-20 17:00:00,4184.901886051642
2025-08-20 18:00:00,4335.35136367374
2025-08-20 19:00:00,4459.364414408863
2025-08-20 20:00:00,5279.884416383648
2025-08-20 21:00:00,5170.2753845213665
2025-08-20 22:00:00,5292.96102858752
2025-08-20 23:00:00,5725.637960366682
2025-08-21 00:00:00,6341.827822639509
2025-08-21 01:00:00,5780.1170914564855
2025-08-21 02:00:00,5756.941396590399
2025-08-21 03:00:00,5772.5488377584215
2025-08-21 04:00:00,5529.307621778777
2025-08-21 05:00:00,5283.118928237781
2025-08-21 06:00:00,5232.975696654332
2025-08-21 07:00:00,4783.461866263844
2025-08-21 08:00:00,3922.117429430637
2025-08-21 09:00:00,3252.5938865515213
2025-08-21 10:00:00,2870.704004669748
2025-08-21 11:00:00,2742.9263157084993
2025-08-21 12:00:00,3153.3194110714835
2025-08-21 13:00:00,2819.30193477601
2025-08-21 14:00:00,2724.352109224598
2025-08-21 15:00:00,3189.1928701876864
2025-08-21 16:00:00,4125.316925429546
2025-08-21 17:00:00,4684.689594437713
2025-08-21 18:00:00,5381.892457781069
2025-08-21 19:00:00,5477.1862200257465
2025-08-21 20:00:00,4963.495793908852
2025-08-21 21:00:00,5502.005004225479
2025-08-21 22:00:00,6990.458679290921
2025-08-21 23:00:00,7011.979118512492
2025-08-22 00:00:00,8423.824006352217
2025-08-22 01:00:00,8202.04462868769
2025-08-22 02:00:00,8550.510877227134
2025-08-22 03:00:00,8523.247738849363
2025-08-22 04:00:00,8635.462492991097
2025-08-22 05:00:00,8660.960350182384
2025-08-22 06:00:00,7938.099223858933
2025-08-22 07:00:00,7354.393229096889
2025-08-22 08:00:00,6084.569816392524
2025-08-22 09:00:00,4887.607150190993
2025-08-22 10:00:00,4654.470222336986
2025-08-22 11:00:00,4573.065129855337
2025-08-22 12:00:00,4475.254708960171
2025-08-22 13:00:00,3995.8022897316673
2025-08-22 14:00:00,4052.9468525483176
2025-08-22 15:00:00,4172.847595793987
2025-08-22 16:00:00,5191.033352859534
2025-08-22 17:00:00,5620.736021476646
2025-08-22 18:00:00,5633.666074396855
2025-08-22 19:00:00,5909.530185262931
2025-08-22 20:00:00,6089.678874259123
2025-08-22 21:00:00,6543.041795085855
2025-08-22 22:00:00,6160.069925593108
2025-08-22 23:00:00,6734.744883489003
2025-08-23 00:00:00,5767.00821991825
2025-08-23 01:00:00,6133.267613125607
2025-08-23 02:00:00,5641.845630122436
2025-08-23 03:00:00,5894.6118332758115
2025-08-23 04:00:00,5591.721792035274
2025-08-23 05:00:00,5314.214548620046
2025-08-23 06:00:00,4886.141467566098
2025-08-23 07:00:00,4655.457785118594
2025-08-23 08:00:00,3490.985610254259
2025-08-23 09:00:00,3509.6592341579744
2025-08-23 10:00:00,2888.1253969818604
2025-08-23 11:00:00,2770.9405598838043
2025-08-23 12:00:00,2267.5261863240175
2025-08-23 13:00:00,2362.208669728988
2025-08-23 14:00:00,2473.4317478756047
2025-08-23 15:00:00,2712.933821162122
2025-08-23 16:00:00,3082.214482002436
2025-08-23 17:00:00,3583.6829995948497
2025-08-23 18:00:00,3375.3171580564385
2025-08-23 19:00:00,3633.006127422238
2025-08-23 20:00:00,4102.840353674467
2025-08-23 21:00:00,4822.042890084228
2025-08-23 22:00:00,5373.893022387469
2025-08-23 23:00:00,5326.652924169857
2025-08-24 00:00:00,5837.725310753666
2025-08-24 01:00:00,5935.100474442612
2025-08-24 02:00:00,5225.812766672972
2025-08-24 03:00:00,4806.965360909547
2025-08-24 04:00:00,4527.3430732645675
2025-08-24 05:00:00,3994.544004471555
2025-08-24 06:00:00,3753.9287561316246
2025-08-24 07:00:00,3059.0207817109795
2025-08-24 08:00:00,2685.4004611388536
2025-08-24 09:00:00,1891.950348801259
2025-08-24 10:00:00,1931.2687604472014
2025-08-24 11:00:00,1843.16021013642
2025-08-24 12:00:00,2231.6835846340646
2025-08-24 13:00:00,2302.9483494036876
2025-08-24 14:00:00,2316.8399011661304
2025-08-24 15:00:00,3089.893153256255
2025-08-24 16:00:00,3739.026924610397
2025-08-24 17:00:00,4367.074545386715
2025-08-24 18:00:00,4248.535817881027
2025-08-24 19:00:00,4439.936235320054
2025-08-24 20:00:00,4924.886466720758
2025-08-24 21:00:00,5247.862041811986
2025-08-24 22:00:00,5174.394391190866
2025-08-24 23:00:00,4454.43615347421
2025-08-25 00:00:00,4835.265016555919
2025-08-25 01:00:00,4255.243673814115
2025-08-25 02:00:00,3719.598493589396
2025-08-25 03:00:00,3440.1210768852416
2025-08-25 04:00:00,3593.437979874564
2025-08-25 05:00:00,4023.309545471203
2025-08-25 06:00:00,3190.133047765373
2025-08-25 07:00:00,3399.389574387375
2025-08-25 08:00:00,3043.18042841773
2025-08-25 09:00:00,3085.7089979669436
2025-08-25 10:00:00,2865.5486145646855
2025-08-25 11:00:00,2830.8062130688013
2025-08-25 12:00:00,2959.9787755145553
2025-08-25 13:00:00,3248.759408292301
2025-08-25 14:00:00,3532.6326706790715
2025-08-25 15:00:00,3957.8576423070076
2025-08-25 16:00:00,4478.324223021383
2025-08-25 17:00:00,5576.429000884082
2025-08-25 18:00:00,6655.446495601419
2025-08-25 19:00:00,8027.454064901005
2025-08-25 20:00:00,7806.0923929277
2025-08-25 21:00:00,7644.725246511432
2025-08-25 22:00:00,7732.228750308195
2025-08-25 23:00:00,8197.961062182598
2025-08-26 00:00:00,8716.168825364863
2025-08-26 01:00:00,7830.110903218402
2025-08-26 02:00:00,6748.556458328986
2025-08-26 03:00:00,6256.992082753912
2025-08-26 04:00:00,6040.904941962364
2025-08-26 05:00:00,5438.4398284629415
2025-08-26 06:00:00,4823.5553131684455
2025-08-26 07:00:00,4597.146680993672
2025-08-26 08:00:00,4536.0425192288785
2025-08-26 09:00:00,4331.83978709159
2025-08-26 10:00:00,3552.3148176280465
2025-08-26 11:00:00,3095.916767748754
2025-08-26 12:00:00,3095.7507449000036
2025-08-26 13:00:00,3174.6725467985443
2025-08-26 14:00:00,3165.5644192620525
2025-08-26 15:00:00,3691.6001674664676
2025-08-26 16:00:00,4030.61461176696
2025-08-26 17:00:00,4770.470218972326
2025-08-26 18:00:00,5981.003120814172
2025-08-26 19:00:00,6685.468113331219
2025-08-26 20:00:00,5972.729334678123
2025-08-26 21:00:00,6355.344841459164
2025-08-26 22:00:00,6185.825588320763
2025-08-26 23:00:00,6511.395211299166
2025-08-27 00:00:00,6546.130388493042
2025-08-27 01:00:00,5942.93121138393
2025-08-27 02:00:00,4814.131880548703
2025-08-27 03:00:00,4689.107476625673
2025-08-27 04:00:00,4712.75183084138
2025-08-27 05:00:00,4839.466266177423
2025-08-27 06:00:00,4994.191383077985
2025-08-27 07:00:00,4873.996305022557
2025-08-27 08:00:00,4533.781187131773
2025-08-27 09:00:00,4163.425554821854
2025-08-27 10:00:00,3522.461907466653
2025-08-27 11:00:00,3619.5319234249173
2025-08-27 12:00:00,5378.14107424104
2025-08-27 13:00:00,5636.979404553764
2025-08-27 14:00:00,6093.560688137709
2025-08-27 15:00:00,5205.637924055531
2025-08-27 16:00:00,7204.683003789929
2025-08-27 17:00:00,8465.500284212083
2025-08-27 18:00:00,9188.43041084175
2025-08-27 19:00:00,9121.999156573533
2025-08-27 20:00:00,9085.182324313992
2025-08-27 21:00:00,8453.18127849535
2025-08-27 22:00:00,9477.634397162257
2025-08-27 23:00:00,9027.039522082225
2025-08-28 00:00:00,8314.748413083256
2025-08-28 01:00:00,8032.691935118481
2025-08-28 02:00:00,7835.987794686553
2025-08-28 03:00:00,8474.355942355389
2025-08-28 04:00:00,8088.580463057435
2025-08-28 05:00:00,8132.968323366018
2025-08-28 06:00:00,8695.476737620635
2025-08-28 07:00:00,8415.018017477923
2025-08-28 08:00:00,9039.014826664994
2025-08-28 09:00:00,8368.688208028087
2025-08-28 10:00:00,6869.127784834867
2025-08-28 11:00:00,6476.486161737894
2025-08-28 12:00:00,6617.527090814925
2025-08-28 13:00:00,6179.225606136459
2025-08-28 14:00:00,7362.847650414087
2025-08-28 15:00:00,7422.676095793906
2025-08-28 16:00:00,7110.885781374747
2025-08-28 17:00:00,6788.474657569992
2025-08-28 18:00:00,6879.155963205628
2025-08-28 19:00:00,6877.414535255178
2025-08-28 20:00:00,7372.782989601004
2025-08-28 21:00:00,7629.039277077857
2025-08-28 22:00:00,8472.288578635762
2025-08-28 23:00:00,8384.114741426276
2025-08-29 00:00:00,7628.898942803206
2025-08-29 01:00:00,6600.346869088897
2025-08-29 02:00:00,5646.193863687445
2025-08-29 03:00:00,5407.133888260653
2025-08-29 04:00:00,5245.198473057695
2025-08-29 05:00:00,5295.974877963882
2025-08-29 06:00:00,5251.487261211026
2025-08-29 07:00:00,5273.009711561689
2025-08-29 08:00:00,5467.772701142454
2025-08-29 09:00:00,5390.318702110906
2025-08-29 10:00:00,4365.764738320811
2025-08-29 11:00:00,4034.843726430753
2025-08-29 12:00:00,4461.639933526264
2025-08-29 13:00:00,4739.896112749988
2025-08-29 14:00:00,5392.2922554319175
2025-08-29 15:00:00,6286.175712375674
2025-08-29 16:00:00,7720.395943200792
2025-08-29 17:00:00,7742.256439154645
2025-08-29 18:00:00,7452.513114135543
2025-08-29 19:00:00,7090.683917397924
2025-08-29 20:00:00,6695.015835625118
2025-08-29 21:00:00,7618.396727494936
2025-08-29 22:00:00,7646.859082593189
2025-08-29 23:00:00,7244.121690977209
2025-08-30 00:00:00,5249.693651932297
2025-08-30 01:00:00,4713.517911307752
2025-08-30 02:00:00,3770.1215381246025
2025-08-30 03:00:00,3808.8084327105735
2025-08-30 04:00:00,3447.1574464928185
2025-08-30 05:00:00,3651.3215045209117
2025-08-30 06:00:00,4136.46340106703
2025-08-30 07:00:00,3658.9944859079
2025-08-30 08:00:00,2807.491346207732
2025-08-30 09:00:00,1740.481825126869
2025-08-30 10:00:00,1706.3404099678905
2025-08-30 11:00:00,1720.687441218572
2025-08-30 12:00:00,1840.1475330823841
2025-08-30 13:00:00,2304.4756415348415
2025-08-30 14:00:00,3020.3072058323114
2025-08-30 15:00:00,3987.5290873564877
2025-08-30 16:00:00,4057.131624268699
2025-08-30 17:00:00,4124.56427246653
2025-08-30 18:00:00,3864.397137678553
2025-08-30 19:00:00,4938.216789245821
2025-08-30 20:00:00,5547.84741830815
2025-08-30 21:00:00,5569.321378671542
2025-08-30 22:00:00,5842.236999202766
2025-08-30 23:00:00,6357.183291150876
2025-08-31 00:00:00,5530.39687219088
2025-08-31 01:00:00,5769.642396915343
2025-08-31 02:00:00,5856.939054738414
2025-08-31 03:00:00,4591.199886981228
2025-08-31 04:00:00,4086.440119388358
2025-08-31 05:00:00,3629.0855408659713
2025-08-31 06:00:00,3687.353967839819
2025-08-31 07:00:00,4044.7838841175744
2025-08-31 08:00:00,3764.9344984216123
2025-08-31 09:00:00,2793.866687911896
2025-08-31 10:00:00,3239.226975952304
2025-08-31 11:00:00,3475.3669370057046
2025-08-31 12:00:00,4558.848385920517
2025-08-31 13:00:00,4472.219945432919
2025-08-31 14:00:00,5634.073356577576
2025-08-31 15:00:00,6443.3059781167685
2025-08-31 16:00:00,6972.984821699679
2025-08-31 17:00:00,8034.456473036274
2025-08-31 18:00:00,8762.610276427942
2025-08-31 19:00:00,8948.222383512193
2025-08-31 20:00:00,10099.460766233684
2025-08-31 21:00:00,11340.770346184663
2025-08-31 22:00:00,10015.176621297067
2025-08-31 23:00:00,8860.370470583139
